,01.Well Identifier,02.Well Confidential Type,03.Well Name,04.Drilling Contractor BA Id,05.Drill Rig No,06.AER Classification,07.Spud Date,08.Final Drill Date,09.Rig Release Date,10.Plugback Depth,11.Kelly Bushing Elevation,12.Final Total Depth,13.Max True Vertical Depth
0,00/07-25-076-23W5/0,Non Confidential,GUIDEX GVILLEE 7-25-76-23,0Y52,320.0,New Pool Wildcat,2/20/2003 00:00:00,05-Mar-2003,3/13/2003 00:00:00,,555.7,2545.0,
1,00/06-20-078-23W5/0,Non Confidential,LONG RUN CULP 6-20-78-23,0X47,6.0,New Pool Wildcat IEW,5/31/1985 00:00:00,27-Jun-1985,7/4/1985 00:00:00,1988.0,560.9,2430.0,0.0
2,00/05-21-077-23W5/0,Non Confidential,GUIDEX GVILLEE 5-21-77-23,0Y07,33.0,New Pool Wildcat,5/21/2000 00:00:00,05-Jun-2000,6/10/2000 00:00:00,,558.4,2515.0,
3,00/06-13-075-18W5/0,Non Confidential,GULF POC AEC IROQUOIS 6-13-75-18,,,New Fld Wildcat IEW,1/10/1982 00:00:00,09-Feb-1982,,0.0,631.4,2411.0,0.0
4,00/07-09-076-18W5/0,Non Confidential,GULF POC AEC IROQUOIS 7-9-76-18,,,New Fld Wildcat IEW,2/18/1982 00:00:00,12-Mar-1982,,0.0,627.0,2407.0,0.0
5,00/11-04-074-21W5/0,Non Confidential,TERRAQUEST ET AL MCLEANSC 11-4-74-21,0X47,11.0,New Pool Wildcat,12/10/2002 00:00:00,21-Dec-2002,12/24/2002 00:00:00,0.0,638.7,2640.0,0.0
6,00/07-19-061-01W5/0,Non Confidential,ANDERSON ESSO WESTLOCK 7-19-61-1,,,Outpost IEW,12/6/1979 00:00:00,27-Dec-1979,,0.0,640.2,2250.0,0.0
7,00/15-32-080-09W5/0,Non Confidential,BLUESKY FLAME NIPISI 15-32-80-9,878,24.0,Development,2/2/1985 00:00:00,12-Feb-1985,2/15/1985 00:00:00,0.0,642.8,1755.0,0.0
8,00/10-21-070-26W5/0,Non Confidential,GULF AEC LIGNITE 10-21-70-26,0Y45,4.0,Development,12/15/1985 00:00:00,10-Jan-1986,1/14/1986 00:00:00,0.0,638.5,3195.0,0.0
9,00/09-33-080-09W5/0,Non Confidential,SUMMERLAND NIPISI 9-33-80-9,0Y51,2.0,Development,2/25/1986 00:00:00,13-Mar-1986,3/18/1986 00:00:00,,645.1,1805.0,
10,00/01-06-081-09W5/0,Non Confidential,BSRL NIPISI 1-6-81-9,0ZB7,12.0,Development,2/3/1992 00:00:00,12-Feb-1992,2/15/1992 00:00:00,0.0,645.6,1745.0,0.0
11,00/10-14-081-09W5/0,Non Confidential,SUMMERLAND NIPISI 10-14-81-9,,,Development,7/27/1977 00:00:00,10-Aug-1977,,1057.7,646.8,1784.6,0.0
12,00/05-34-080-09W5/0,Non Confidential,SUMMERLAND NIPISI 5-34-80-9,,,Development,7/26/1979 00:00:00,15-Aug-1979,,,647.9,1800.0,
13,00/04-09-079-10W5/0,Non Confidential,DOME ET AL GIFT 4-9-79-10,0Y27,10.0,Development,3/24/1984 00:00:00,05-Apr-1984,,0.0,648.0,1865.0,0.0
14,00/04-17-080-09W5/0,Non Confidential,ARCO NIPISI 4-17-80-9,,,Development,11/17/1969 00:00:00,02-Dec-1969,,,649.5,1768.1,1739.05
15,00/04-28-081-08W5/0,Non Confidential,ARCO NIPISI 4-28-81-8,,,Development,6/27/1967 00:00:00,12-Jul-1967,,0.0,649.5,1809.3,0.0
16,00/06-14-080-09W5/0,Non Confidential,LASMO OPINAC NIPISI 6-14-80-9,0Y27,5.0,Development,3/27/1990 00:00:00,07-Apr-1990,4/11/1990 00:00:00,0.0,649.9,1770.0,0.0
17,00/10-27-080-09W5/0,Non Confidential,AMOCO J-11 NIPISI 10-27-80-9,,,Development,12/10/1969 00:00:00,21-Dec-1969,,0.0,650.1,1722.1,0.0
18,00/01-12-060-21W4/0,Non Confidential,ANDERSON ET AL THORHILD 1-12-60-21,,,New Pool Wildcat IEW,11/3/1980 00:00:00,13-Nov-1980,,0.0,651.6,1492.0,1491.95
19,00/06-06-081-08W5/0,Non Confidential,PETROMK BLUESKY NIPISI 6-6-81-8,,,Development,10/24/1979 00:00:00,14-Nov-1979,,0.0,651.1,1785.0,0.0
20,00/03-15-080-09W5/0,Non Confidential,ELAN ET AL NIPISI 3-15-80-9,0Z04,3.0,Development,10/23/1989 00:00:00,02-Nov-1989,11/8/1989 00:00:00,0.0,651.2,1816.0,0.0
21,00/10-30-080-09W5/0,Non Confidential,BSRL NIPISI 10-30-80-9,0ZB7,12.0,Development,1/4/1992 00:00:00,12-Jan-1992,1/16/1992 00:00:00,0.0,651.4,1720.0,0.0
22,00/09-25-081-09W5/0,Non Confidential,BSRL NIPISI 9-25-81-9,0ZD6,28.0,Development,1/19/1993 00:00:00,29-Jan-1993,2/2/1993 00:00:00,0.0,651.9,1767.0,
23,00/07-30-080-09W5/0,Non Confidential,COGI NIPISI 7-30-80-9,0Y78,5.0,Development,9/21/1986 00:00:00,05-Oct-1986,10/8/1986 00:00:00,0.0,652.2,1776.0,0.0
24,00/14-03-070-21W5/0,Non Confidential,HUSKY ET AL VALLEYVIEW 14-3-70-21,878,28.0,New Fld Wildcat IEW,1/26/1984 00:00:00,22-Feb-1984,,0.0,650.4,2835.0,0.0
25,00/06-16-080-09W5/0,Non Confidential,LASMO ET AL NIPISI 6-16-80-9,0Y27,5.0,Development,3/1/1985 00:00:00,13-Mar-1985,3/16/1985 00:00:00,0.0,653.0,1810.0,0.0
26,00/02-20-081-08W5/0,Non Confidential,BSRL NIPISI 2-20-81-8,0Y78,5.0,Development,7/2/1987 00:00:00,20-Jul-1987,7/26/1987 00:00:00,,653.4,1790.0,
27,00/06-30-080-09W5/0,Non Confidential,COGI NIPISI 6-30-80-9,0X86,10.0,Deeper Pool Test,3/10/1985 00:00:00,22-Mar-1985,3/27/1985 00:00:00,,655.8,1761.0,1760.62
28,00/03-30-080-09W5/0,Non Confidential,CO-ENERCO ARCO NIPISI 3-30-80-9,,,Development,7/11/1970 00:00:00,24-Jul-1970,,0.0,655.0,1752.6,0.0
29,00/02-20-079-07W5/0,Non Confidential,WINCAN ET AL NIPISI 2-20-79-7,0Y52,3.0,Development,2/18/1981 00:00:00,08-Mar-1981,,0.0,656.1,1710.0,0.0
30,00/02-34-078-08W5/0,Non Confidential,AMOCO UNIT 214 NIPISI 2-34-78-8,,,Development,5/24/1980 00:00:00,05-Jun-1980,,0.0,655.6,1753.0,0.0
31,00/04-21-081-08W5/0,Non Confidential,BSRL NIPISI 4-21-81-8,,,Development,7/7/1967 00:00:00,21-Jul-1967,,0.0,658.4,1770.0,
32,00/02-08-079-07W5/0,Non Confidential,Aquisition Oil NIPISI 2-8-79-7,0Z45,1.0,Development,11/22/1982 00:00:00,07-Dec-1982,,0.0,659.0,1734.0,0.0
33,00/02-22-081-08W5/0,Non Confidential,PACIFIC ET AL UTIKUMA 2-22-81-8,,,Development,12/25/1965 00:00:00,19-Jan-1966,,0.0,659.0,1784.6,0.0
34,00/16-07-078-08W5/0,Non Confidential,KELES ET AL NIPISI 16-7-78-8,0Y27,5.0,New Pool Wildcat,12/21/1986 00:00:00,31-Dec-1986,1/3/1987 00:00:00,0.0,659.7,1783.5,0.0
35,00/05-08-069-05W6/0,Non Confidential,GPD NOEL AMOCO GOLD CK 5-8-69-5,,,New Pool Wildcat,9/27/1970 00:00:00,03-Nov-1970,,0.0,660.2,3840.8,0.0
36,00/02-36-080-10W5/0,Non Confidential,BSRL NIPISI 2-36-80-10,0Y52,52.0,Development,11/1/1996 00:00:00,09-Nov-1996,11/12/1996 00:00:00,0.0,661.0,1768.0,0.0
37,00/10-20-080-07W5/0,Non Confidential,MLC ET AL NIPISI 10-20-80-7,0Y27,37.0,Development,1/24/1988 00:00:00,02-Feb-1988,2/5/1988 00:00:00,0.0,661.7,1698.0,0.0
38,00/08-09-073-21W5/0,Non Confidential,ENRON ET AL GUY 8-9-73-21,0Y27,28.0,New Fld Wildcat EGW,3/18/1987 00:00:00,06-Apr-1987,4/10/1987 00:00:00,0.0,661.7,2750.5,0.0
39,00/16-11-081-08W5/0,Non Confidential,ATLANTIC MUSKWA 16-11-81-8,,,New Field Wildcat,9/14/1965 00:00:00,08-Oct-1965,,0.0,662.3,1805.3,0.0
40,00/10-31-080-08W5/0,Non Confidential,LASMO NIPISI 10-31-80-8,,,Development,6/16/1966 00:00:00,29-Jun-1966,,0.0,662.6,1822.4,0.0
41,00/10-08-080-07W5/0,Non Confidential,KIN MERC NIPISI 1 NIPISI 10-8-80-7,0X43,1.0,Development,2/21/1988 00:00:00,02-Mar-1988,3/6/1988 00:00:00,,662.9,1710.0,
42,00/02-30-080-08W5/0,Non Confidential,MOBIL NIPISI 2-30-80-8,,,Development,3/12/1966 00:00:00,29-Mar-1966,,1742.5,663.5,1811.7,0.0
43,00/04-26-080-08W5/0,Non Confidential,PACIFIC ET AL NIPISI 4-26-80-8,,,Development,12/15/1965 00:00:00,05-Jan-1966,,0.0,663.9,1822.7,0.0
44,00/10-16-081-08W5/0,Non Confidential,MLC PANCON NIPISI 10-16-81-8,0Z27,1.0,Development,3/13/1988 00:00:00,21-Mar-1988,3/25/1988 00:00:00,0.0,664.2,1810.0,0.0
45,00/04-08-080-07W5/0,Non Confidential,PANCON ET AL NIPISI 4-8-80-7,,,Development,2/20/1981 00:00:00,06-Mar-1981,,0.0,665.1,1710.0,0.0
46,00/10-25-080-09W5/0,Non Confidential,LASMO IOE NIPISI 10-25-80-9,,,Development,3/24/1966 00:00:00,18-Apr-1966,,0.0,665.4,1824.2,0.0
47,00/02-17-080-07W5/0,Non Confidential,INVERNESS ET AL NIPISI 2-17-80-7,0X47,4.0,Development,1/31/1990 00:00:00,13-Feb-1990,2/17/1990 00:00:00,0.0,666.8,1708.0,0.0
48,00/06-08-078-08W5/0,Non Confidential,RUPERTS ET AL NIPISI 6-8-78-8,,,Development,2/19/1979 00:00:00,05-Mar-1979,,0.0,667.1,1806.0,0.0
49,00/12-30-078-07W5/0,Non Confidential,ELAN ET AL NIPISI 12-30-78-7,0Y57,10.0,Development,12/2/1984 00:00:00,15-Dec-1984,12/18/1984 00:00:00,0.0,667.9,1764.5,0.0
50,00/04-30-080-07W5/0,Non Confidential,MANNVILLE ET AL NIPISI 4-30-80-7,0X47,2.0,Development,12/7/1990 00:00:00,18-Dec-1990,12/21/1990 00:00:00,0.0,668.6,1716.0,0.0
51,00/04-14-078-08W5/0,Non Confidential,SHELL ET AL NIPISI 4-14-78-8,,,Development,8/28/1967 00:00:00,09-Sep-1967,,0.0,669.0,1760.2,0.0
52,00/02-01-078-08W5/0,Non Confidential,UNO-TEX NIPISI 2-1-78-8,,,Development,12/7/1973 00:00:00,22-Dec-1973,,0.0,672.1,1787.7,0.0
53,00/13-20-071-21W5/0,Non Confidential,CHEVRON VALLEYVIEW 13-20-71-21,0D39,10.0,New Fld Wildcat IEW,3/30/1983 00:00:00,30-Apr-1983,,0.0,675.9,2886.0,0.0
54,02/07-18-045-13W4/0,Non Confidential,PCP PCR KILLAM NORTH 7-18-45-13,0Y52,404.0,Deeper Pool Test,12/2/2001 00:00:00,11-Dec-2001,12/14/2001 00:00:00,0.0,679.3,1515.0,0.0
55,00/16-34-068-26W5/0,Non Confidential,GULF AEC STURLS 16-34-68-26,,,New Fld Wildcat IEW,3/31/1982 00:00:00,04-May-1982,,0.0,681.9,3360.0,0.0
56,00/15-25-077-08W5/0,Non Confidential,CNRL NIPISI 15-25-77-8,0X47,2.0,Development,12/28/1990 00:00:00,10-Jan-1991,1/12/1991 00:00:00,0.0,686.9,1802.0,0.0
57,00/05-10-068-26W5/0,Non Confidential,CHEVRON ET AL STURLS 5-10-68-26,,,New Fld Wildcat IEW,1/19/1981 00:00:00,08-Mar-1981,,0.0,688.0,3458.0,0.0
58,00/14-20-068-25W5/0,Non Confidential,STAR AEC STURLS 14-20-68-25,0Y45,7.0,New Fld Wildcat EGW,8/29/1985 00:00:00,25-Sep-1985,10/4/1985 00:00:00,1895.0,686.4,3321.0,0.0
59,00/06-17-068-04W6/0,Non Confidential,764032 ETAL GOLD CK 16-7-68-4,,,New Field Wildcat,1/17/1965 00:00:00,15-Apr-1965,,3179.0,686.7,3847.2,0.0
60,02/06-15-045-15W4/0,Non Confidential,SUNCOR KILLAM NORTH 6-15-45-15,0Y57,7.0,Deeper Pool Test IEW,10/27/1983 00:00:00,11-Nov-1983,,0.0,697.5,1738.0,0.0
61,00/11-08-067-21W5/0,Non Confidential,CO-ENERCO ET AL SMOKY 11-8-67-21,,,New Pool Wildcat IEW,7/2/1979 00:00:00,30-Jul-1979,,0.0,701.3,3074.0,0.0
62,00/02-04-030-21W4/0,Non Confidential,ALTANA ET AL KIRKPAT 2-4-30-21,,,New Pool Wildcat,2/27/1964 00:00:00,30-Mar-1964,,1633.7,702.0,2182.4,0.0
63,00/01-28-057-03W5/0,Non Confidential,CHEVRON MAJEAU 1-28-57-3,,,New Pool Wildcat IEW,10/18/1979 00:00:00,26-Nov-1979,,0.0,703.8,2525.0,0.0
64,00/09-23-042-14W4/0,Non Confidential,KARVE KILLAM 9-23-42-14,0Y16,1.0,Deeper Pool Test IEW,5/19/1983 00:00:00,04-Jun-1983,,967.0,698.4,1421.0,0.0
65,00/06-14-069-20W5/0,Non Confidential,297344 AMOCO SUNSET 6-14-69-20,0X43,5.0,Deeper Pool Test IEW,6/12/1983 00:00:00,11-Jul-1983,,0.0,708.6,2850.0,0.0
66,00/06-11-069-26W5/0,Non Confidential,GULF AEC STURLS 6-11-69-26,0X84,15.0,New Pool Wildcat,7/1/1983 00:00:00,18-Aug-1983,,0.0,702.4,3344.8,0.0
67,00/16-14-068-21W5/0,Non Confidential,NORCEN ET AL STURLS 16-14-68-21,878,22.0,New Fld Wildcat IEW,7/31/1985 00:00:00,29-Aug-1985,9/7/1985 00:00:00,0.0,709.0,3145.0,3144.6
68,00/06-35-046-15W4/0,Non Confidential,MERLAND ET AL BRUCE 6-35-46-15,0X63,2.0,Deeper Pool Test IEW,6/5/1983 00:00:00,27-Jun-1983,,805.0,710.5,2114.0,0.0
69,00/11-11-068-03W6/0,Non Confidential,TRIAD C&E DEBOLT 11-11-68-3,,,New Field Wildcat,7/25/1959 00:00:00,21-Oct-1959,,0.0,714.5,3750.3,0.0
70,00/14-14-056-26W4/0,Non Confidential,ANDERSON ET AL ALEX 14-14-56-26,,,New Pool Wildcat IEW,10/23/1981 00:00:00,02-Nov-1981,,0.0,716.0,1775.0,0.0
71,00/08-23-043-16W4/0,Non Confidential,SCEPTRE ET AL STROME 8-23-43-16,0Y57,7.0,Deeper Pool Test IEW,6/26/1984 00:00:00,13-Jul-1984,7/17/1984 00:00:00,1094.0,728.4,1835.0,0.0
72,00/10-33-065-20W5/0,Non Confidential,PROCYON KAYBOB 10-33-65-20,,,New Pool Wildcat IEW,12/5/1978 00:00:00,19-Jan-1979,,1605.0,741.8,3067.0,
73,00/02-20-051-23W4/0,Non Confidential,ENHANCEENERGY HERCULES 2-20-51-23,,,New Pool Wildcat IEW,3/3/1980 00:00:00,19-Mar-1980,,1643.0,742.9,1857.0,
74,00/11-25-065-23W5/0,Non Confidential,AMOCO N-2 ANTE 11-25-65-23,,,New Pool Wildcat IEW,9/25/1976 00:00:00,29-Oct-1976,,0.0,748.9,3293.4,0.0
75,00/06-36-066-25W5/0,Non Confidential,CDN-SUP ANTE CREEK 6-36-66-25,,,New Pool Wildcat,2/7/1981 00:00:00,17-Mar-1981,,2125.0,748.3,3390.0,0.0
76,00/04-12-069-26W5/0,Non Confidential,GULF STURLS 4-12-69-26,,,New Fld Wildcat IEW,1/15/1982 00:00:00,20-Feb-1982,,0.0,748.0,3373.0,0.0
77,00/02-23-066-25W5/0,Non Confidential,ARC RES ANTE 2-23-66-25,,,New Field Wildcat,8/25/1966 00:00:00,03-Oct-1966,,0.0,753.8,3435.1,0.0
78,00/01-18-067-18W5/0,Non Confidential,GULF UNIT GOOSE RIVER 1-18-67-18,0Z22,4.0,Development,2/3/1995 00:00:00,21-Feb-1995,2/27/1995 00:00:00,0.0,756.4,2881.0,0.0
79,00/03-30-067-26W5/0,Non Confidential,FOREST ET AL ANTE 3-30-67-26,,,New Fld Wildcat IEW,11/27/1980 00:00:00,17-Feb-1981,,2060.0,762.4,3673.0,3672.96
80,00/11-01-061-13W5/0,Non Confidential,MOBIL CARSON CREEK WEST 11-1-61-13,,,New Field Wildcat,12/12/1962 00:00:00,03-Feb-1963,,0.0,762.3,3113.5,0.0
81,00/12-36-064-19W5/0,Non Confidential,HOME ET AL KAYBOB 12-36-64-19,0Y27,23.0,Development,12/31/1986 00:00:00,23-Jan-1987,1/30/1987 00:00:00,2163.0,762.6,3015.0,3014.88
82,00/06-27-057-13W5/0,Non Confidential,HESS ET AL MAHASKA 6-27-57-13,,,New Fld Wildcat IEW,3/1/1979 00:00:00,13-Apr-1979,,0.0,764.1,2892.0,0.0
83,00/04-31-070-19W5/0,Non Confidential,UNO-TEX ET AL BOULDER 4-31-70-19,,,New Fld Wildcat IEW,8/27/1974 00:00:00,14-Sep-1974,,0.0,767.2,2792.0,0.0
84,00/10-23-065-20W5/0,Non Confidential,WESTFIRE KAYBOB 10-23-65-20,,,New Pool Wildcat IEW,12/9/1978 00:00:00,12-Jan-1979,,1743.0,768.1,3074.0,
85,00/12-01-066-25W5/0,Non Confidential,GULF ANTE CREEK 12-1-66-25,0Z17,2.0,Outpost,11/28/1983 00:00:00,30-Dec-1983,,0.0,767.5,3487.0,0.0
86,00/05-22-066-25W5/0,Non Confidential,ULSTER ANTE CREEKK 5-22-66-25,0Y27,32.0,Development,8/11/1983 00:00:00,22-Sep-1983,,0.0,769.8,3460.0,0.0
87,00/10-32-063-21W5/0,Non Confidential,PAN AM TONY CREEK A-1,,,New Field Wildcat,10/26/1956 00:00:00,26-Jan-1957,,0.0,770.5,3272.0,0.0
88,00/16-02-066-25W5/0,Non Confidential,CNW ET AL ANTE CREEK 16-2-66-25,0X63,1.0,Outpost,1/3/1985 00:00:00,13-Feb-1985,2/26/1985 00:00:00,0.0,773.4,3495.0,0.0
89,00/14-23-067-24W5/0,Non Confidential,MURPHY ANTEN 14-23-67-24,0Y45,10.0,New Fld Wildcat IEW,3/15/1984 00:00:00,26-Apr-1984,,0.0,785.5,3337.0,3317.5
90,00/06-30-072-23W5/0,Non Confidential,SUN ET AL STURGEON 6-30-72-23,,,New Pool Wildcat IEW,11/23/1978 00:00:00,28-Dec-1978,,0.0,785.5,3025.0,0.0
91,00/07-27-063-18W5/0,Non Confidential,TRILOGY KAYBOB 7-27-63-18,0XK4,1.0,Deeper Pool Test,6/23/1998 00:00:00,26-Jul-1998,8/1/1998 00:00:00,0.0,787.4,3040.0,3039.64
92,00/16-15-063-19W5/0,Non Confidential,TRILOGY KAYBOB 16-15-63-19,0XK4,1.0,Outpost,6/28/2002 00:00:00,18-Jul-2002,7/22/2002 00:00:00,0.0,782.7,3125.0,0.0
93,00/07-27-066-26W5/0,Non Confidential,HUSKY ANTE CREEK 7-27-66-26,0Y45,10.0,New Pool Wildcat,1/10/1984 00:00:00,23-Feb-1984,,0.0,792.2,3597.0,0.0
94,00/03-22-066-03W6/0,Non Confidential,GULF AEC KARR 3-22-66-3,0X84,21.0,Deeper Pool Test,8/15/1983 00:00:00,26-Oct-1983,,2673.0,785.0,4035.0,0.0
95,00/06-35-070-18W5/0,Non Confidential,LONG RUN SNIPELK 6-35-70-18,0ZC9,6.0,Development,3/4/1993 00:00:00,18-Mar-1993,3/25/1993 00:00:00,0.0,790.3,2665.0,0.0
96,00/11-04-066-26W5/0,Non Confidential,BP ETHYL BASELINE 11-4-66-26,,,New Field Wildcat,1/12/1971 00:00:00,18-Feb-1971,,0.0,795.5,3636.6,0.0
97,00/14-11-039-17W4/0,Non Confidential,MARK RED WILLOW 14-11-39-17,0L82,10.0,New Pool Wildcat EGW,10/24/1987 00:00:00,05-Nov-1987,11/7/1987 00:00:00,0.0,796.3,2025.0,0.0
98,00/10-20-070-16W5/0,Non Confidential,WESTCOAST ET AL MCGOWAN 10-20-70-16,,,New Fld Wildcat IEW,2/23/1982 00:00:00,23-Mar-1982,,0.0,798.3,2619.0,0.0
99,00/08-30-052-05W5/0,Non Confidential,HORSESHOE BAY TOMHK 8-30-52-5,0Z27,1.0,New Pool Wildcat IEW,8/22/1984 00:00:00,17-Sep-1984,9/23/1984 00:00:00,1705.0,804.4,2714.0,
100,00/12-35-063-18W5/0,Non Confidential,TRILOGY ET AL KAYBOB 12-35-63-18,0XK4,1.0,Outpost,10/31/2000 00:00:00,20-Nov-2000,11/28/2000 00:00:00,,805.7,3040.0,
101,00/08-20-038-21W4/0,Non Confidential,HPC OBERLIN 8-20-38-21,,,New Field Wildcat,5/4/1962 00:00:00,27-May-1962,,0.0,808.3,2206.4,0.0
102,00/07-13-065-26W5/0,Non Confidential,CDNOXY ANTE CREEK 7-13-65-26,,,New Fld Wildcat IEW,12/15/1980 00:00:00,01-Feb-1981,,2089.0,810.0,3655.0,0.0
103,00/02-13-061-13W5/0,Non Confidential,MOBIL CARSON 2-13-61-13,0Y52,3.0,Development,4/13/1980 00:00:00,18-May-1980,,0.0,812.1,2670.0,0.0
104,00/07-09-068-18W5/0,Non Confidential,MOBIL GOOSER 7-9-68-18,0Y13,7.0,New Pool Wildcat IEW,1/26/1983 00:00:00,24-Feb-1983,,0.0,811.4,2890.0,0.0
105,00/02-15-067-18W5/0,Non Confidential,GULF UNIT GOOSE RIVER 2-15-67-18,0X84,15.0,Development,12/25/1983 00:00:00,24-Jan-1984,,0.0,815.5,2900.0,0.0
106,00/04-26-066-01W6/0,Non Confidential,CNRL  4-26-66-1,0ZC2,762.0,New Field Wildcat,8/27/1996 00:00:00,17-Oct-1996,10/21/1996 00:00:00,0.0,818.6,3755.0,0.0
107,00/03-32-063-22W5/0,Non Confidential,RAX WASKAHIGAN 3-32-63-22,0Y13,4.0,New Fld Wildcat IEW,7/8/1985 00:00:00,18-Aug-1985,9/2/1985 00:00:00,2035.0,827.4,3450.0,0.0
108,00/09-29-069-17W5/0,Non Confidential,WLEC SNIPELK 9-29-69-17,0Y07,28.0,New Field Wildcat,9/27/2003 00:00:00,14-Oct-2003,10/22/2003 00:00:00,0.0,833.6,2765.0,0.0
109,00/11-24-056-14W5/0,Non Confidential,UNION LL&E SHINING BANK 11-24-56-14,,,New Pool Wildcat,7/2/1971 00:00:00,03-Aug-1971,,0.0,837.0,3058.7,0.0
110,00/04-35-069-19W5/0,Non Confidential,ARMSTRONG ET AL SUNSET 4-35-69-19,,,New Pool Wildcat,4/5/1981 00:00:00,05-May-1981,,0.0,839.1,2860.0,2859.85
111,00/08-33-031-22W4/0,Non Confidential,CANTERRA GHOST PINE 8-33-31-22,0Z17,7.0,Deeper Pool Test,8/11/1989 00:00:00,31-Aug-1989,9/4/1989 00:00:00,0.0,839.3,2398.0,0.0
112,00/06-21-064-25W5/0,Non Confidential,PANCON ET AL SIMONN 6-21-64-25,0ZA3,27.0,New Pool Wildcat,8/2/1990 00:00:00,12-Sep-1990,9/24/1990 00:00:00,0.0,848.4,3707.0,0.0
113,00/04-28-033-23W4/0,Non Confidential,NORWICH TOGL TWIN 4-28-33-23,0X98,6.0,New Pool Wildcat,1/28/1989 00:00:00,20-Feb-1989,2/24/1989 00:00:00,0.0,844.8,2455.0,0.0
114,00/06-06-037-20W4/0,Non Confidential,B.A. RICHARDS STETW 6-6-37-20,,,New Field Wildcat,10/2/1960 00:00:00,05-Nov-1960,,1653.5,845.2,2207.1,0.0
115,00/02-33-033-22W4/0,Non Confidential,B.A. CPR HUXLEY 2-33-33-22,,,New Field Wildcat,3/27/1959 00:00:00,09-May-1959,,0.0,846.7,2374.7,0.0
116,00/12-09-038-21W4/0,Non Confidential,CDNRES ET AL OBERLIN 12-9-38-21,0L82,14.0,Deeper Pool Test IEW,1/18/1984 00:00:00,07-Feb-1984,,0.0,850.6,2370.0,0.0
117,00/04-33-066-16W5/0,Non Confidential,AMOCO ET AL MEEKWAP 4-33-66-16,0.0,7.0,New Pool Wildcat IEW,1/27/1984 00:00:00,27-Feb-1984,,0.0,852.5,3066.0,0.0
118,00/13-20-065-02W6/0,Non Confidential,RIO ALTO 13-20-65-2,0Y55,46.0,New Pool Wildcat,6/5/1996 00:00:00,28-Jul-1996,8/1/1996 00:00:00,0.0,858.0,4006.0,0.0
119,00/03-24-054-16W5/0,Non Confidential,BONAVISTA ET AL ROSEVEAR 3-24-54-16,0Z41,033E,Deeper Pool Test,7/31/2000 00:00:00,09-Sep-2000,9/11/2000 00:00:00,,853.5,3377.0,3355.92
120,00/06-18-054-14W5/0,Non Confidential,CVE CARROT 6-18-54-14,0X68,37,Development,11/21/1980 00:00:00,04-Jan-1981,,0.0,860.7,3346.0,0.0
121,00/11-36-032-20W4/0,Non Confidential,MIC MAC CALSTAN MCKEE 11-36-32-20,,,New Field Wildcat,12/31/1957 00:00:00,20-Feb-1958,,0.0,855.9,2218.9,0.0
122,00/14-10-066-01W6/0,Non Confidential,FOREST ET AL KARR 14-10-66-1,,,New Fld Wildcat IEW,7/15/1980 00:00:00,16-Oct-1980,,2570.0,863.4,3924.0,0.0
123,00/05-36-061-18W5/0,Non Confidential,AMOCO FOX CREEK 5-36-61-18,0Z37,1,Deeper Pool Test,1/25/1983 00:00:00,28-Feb-1983,,1969.0,869.3,3170.0,0.0
124,00/06-15-048-03W5/0,Non Confidential,DAYLIGHT PEMBINA 6-15-48-3,,,Deeper Pool Test,7/15/1959 00:00:00,14-Sep-1959,,1727.0,862.3,2674.6,
125,00/02-02-065-08W5/0,Non Confidential,PETROMK ET AL MORSE RIVER 2-2-65-8,,,New Fld Wildcat IEW,8/23/1978 00:00:00,28-Sep-1978,,0.0,863.9,2712.0,0.0
126,00/01-15-069-15W5/0,Non Confidential,ROXY MURPHY PRAIRIE RIVER 1-15-69-15,0Y52,3,New Fld Wildcat IEW,2/21/1984 00:00:00,15-Mar-1984,,0.0,873.1,2710.0,0.0
127,00/09-33-055-12W5/0,Non Confidential,CVE NITON 9-33-55-12,0Y26,2,Deeper Pool Test IEW,3/11/1985 00:00:00,15-Apr-1985,4/20/1985 00:00:00,2110.0,876.3,3060.0,0.0
128,00/11-27-049-08W5/0,Non Confidential,ARC PEM 11-27-49-8,,,Deeper Pool Test IEW,3/25/1980 00:00:00,27-May-1980,,,875.2,3590.0,
129,00/09-34-053-14W5/0,Non Confidential,VEI CARROT 9-34-53-14,0Z41,33,Deeper Pool Test,7/16/1998 00:00:00,14-Sep-1998,9/17/1998 00:00:00,0.0,876.5,3262.0,0.0
130,00/05-31-062-13W5/0,Non Confidential,ORBIT ET AL SAKWATAMAU 5-31-62-13,0Y48,3,New Pool Wildcat IEW,2/9/1981 00:00:00,10-Mar-1981,,1942.0,890.6,2818.0,0.0
131,00/13-21-065-24W5/0,Non Confidential,GULF ANTE CREEK 13-21-65-24,,,Development,2/15/1982 00:00:00,30-Mar-1982,,1703.0,885.0,3626.0,0.0
132,00/06-29-046-01W5/0,Non Confidential,KACEE ET AL PIPE 6-29-46-1,0Y26,1,New Pool Wildcat IEW,9/9/1984 00:00:00,09-Oct-1984,10/14/1984 00:00:00,1776.0,884.4,2460.0,0.0
133,00/16-11-030-25W4/0,Non Confidential,PCI COSWAY 16-11-30-25,0Y45,9,New Pool Wildcat,10/19/1988 00:00:00,11-Nov-1988,11/19/1988 00:00:00,0.0,883.9,2692.0,0.0
134,00/10-30-032-23W4/0,Non Confidential,CANTERRA ET AL TWINING 10-30-32-23,878,1,Deeper Pool Test,8/27/1988 00:00:00,17-Sep-1988,9/23/1988 00:00:00,0.0,887.5,2564.0,0.0
135,02/10-14-033-24W4/0,Non Confidential,NORWICH ET AL TWINING 10-14-33-24,0Z87,5,New Pool Wildcat EGW,2/4/1988 00:00:00,26-Feb-1988,2/29/1988 00:00:00,0.0,891.6,2530.0,0.0
136,00/15-01-063-18W5/0,Non Confidential,CVE KAYBOB 15-1-63-18,0Y45,7,Development,1/10/1985 00:00:00,11-Feb-1985,2/17/1985 00:00:00,0.0,892.1,3130.0,0.0
137,00/05-31-062-24W5/0,Non Confidential,CNRL WAHIGAN 5-31-62-24,0Y55,48,New Pool Wildcat,1/9/1997 00:00:00,13-Feb-1997,2/20/1997 00:00:00,,896.8,3770.0,
138,00/14-02-063-10W5/0,Non Confidential,SULPETRO EAG JUDY 14-2-63-10,0Y55,35,New Pool Wildcat IEW,11/28/1983 00:00:00,26-Dec-1983,,0.0,894.2,2560.0,0.0
139,00/16-36-069-18W5/0,Non Confidential,LINK ET AL SNIPE LAKE 16-36-69-18,,,Development,12/31/1979 00:00:00,27-Jan-1980,,0.0,894.0,2765.0,0.0
140,00/16-36-029-23W4/0,Non Confidential,BP TRICAL CARBON 16-36-29-23,0ZA1,11,Deeper Pool Test,8/23/1989 00:00:00,06-Sep-1989,9/12/1989 00:00:00,0.0,899.0,2471.0,0.0
141,00/16-27-032-24W4/0,Non Confidential,QUINTANA ET AL TWIN 16-27-32-24,0Z17,7,Deeper Pool Test EGW,4/1/1987 00:00:00,21-Apr-1987,4/27/1987 00:00:00,0.0,901.1,2600.0,0.0
142,00/15-20-054-16W5/0,Non Confidential,NORCEN SHERRITT WOLF 15-20-54-16,,,New Pool Wildcat IEW,6/28/1981 00:00:00,06-Aug-1981,,0.0,901.2,3505.0,0.0
143,00/07-34-053-15W5/0,Non Confidential,CANTERRA NORCEN ROSEVEAR 7-34-53-15,0X52,4,New Pool Wildcat,2/13/1988 00:00:00,17-Mar-1988,3/24/1988 00:00:00,0.0,904.1,3398.0,0.0
144,00/14-15-036-21W4/0,Non Confidential,BEARSPAW FENNW 14-15-36-21,,,New Field Wildcat,2/5/1960 00:00:00,11-Mar-1960,,1427.1,907.7,2300.6,
145,00/07-01-048-10W5/0,Non Confidential,AMOCO HB PEMBINA 7-1-48-10,,,Deeper Pool Test IEW,10/11/1980 00:00:00,18-Dec-1980,,2745.0,911.6,3430.0,0.0
146,00/09-17-034-25W4/0,Non Confidential,PINE CLIFF THREEHCK 9-17-34-25,,,New Field Wildcat,6/4/1959 00:00:00,22-Jul-1959,,1745.6,909.8,2642.0,2641.87
147,00/11-36-062-25W5/0,Non Confidential,RAX CHEVRON WASKAHIGAN 11-36-62-25,0X84,5,Development,10/16/1997 00:00:00,03-Dec-1997,12/13/1997 00:00:00,0.0,904.3,3795.0,0.0
148,00/06-11-033-24W4/0,Non Confidential,PINE CLIFF TWINING 6-11-33-24,0X46,12,Deeper Pool Test EGW,12/28/1986 00:00:00,20-Jan-1987,1/27/1987 00:00:00,1828.0,911.4,2560.0,0.0
149,00/14-02-066-01W6/0,Non Confidential,Canlin  14-2-66-1,0Z41,17,New Pool Wildcat,6/4/1995 00:00:00,23-Jul-1995,7/28/1995 00:00:00,0.0,914.6,3889.0,0.0
150,00/15-35-044-02W5/0,Non Confidential,CVE PEMBINA 15-35-44-2,0X98,21,Deeper Pool Test EGW,12/31/1987 00:00:00,16-Feb-1988,2/20/1988 00:00:00,0.0,914.2,2938.0,0.0
151,00/10-12-063-15W5/0,Non Confidential,EEL SAKWA 10-12-63-15,0Y52,85,Development,3/7/1997 00:00:00,27-Mar-1997,4/1/1997 00:00:00,0.0,915.0,2906.0,0.0
152,00/11-26-053-15W5/0,Non Confidential,HOMESTEAD ET AL ROSEVEAR 11-26-53-15,,,Development,9/27/1978 00:00:00,29-Oct-1978,,0.0,915.6,3406.0,0.0
153,00/10-34-032-21W4/0,Non Confidential,FORGOTSON-BURK ROWLEY W 10-34-32-21,,,New Field Wildcat,10/15/1962 00:00:00,18-Nov-1962,,0.0,919.3,2201.9,0.0
154,00/11-06-064-26W5/0,Non Confidential,CHEVRON SIMONETTE 11-6-64-26,0ZC9,20,New Pool Wildcat,1/11/1991 00:00:00,09-Mar-1991,3/15/1991 00:00:00,1900.0,923.4,4048.0,0.0
155,00/16-34-063-26W5/0,Non Confidential,TRILOGY SIMON 2-3-64-26,0ZC9,20,Outpost,8/23/1995 00:00:00,03-Oct-1995,11/16/1995 00:00:00,3100.0,921.7,3912.0,3911.74
156,00/14-01-031-23W4/0,Non Confidential,MOBIL OIL EQUITY SOUTH 14-1-31-23,,,New Field Wildcat,8/10/1957 00:00:00,01-Oct-1957,,0.0,922.6,2542.9,0.0
157,00/12-14-067-08W5/0,Non Confidential,PRODECO ET AL ETHEL 12-14-67-8,0X98,3,Development,11/17/1984 00:00:00,10-Dec-1984,12/16/1984 00:00:00,0.0,928.0,2345.0,0.0
158,00/06-22-033-25W4/0,Non Confidential,UCEL ET AL TWINING 6-22-33-25,0Z41,19,New Pool Wildcat,7/28/1992 00:00:00,25-Aug-1992,8/31/1992 00:00:00,0.0,927.9,2648.0,0.0
159,00/06-14-031-27W4/0,Non Confidential,GULF ET AL LPINECK 6-14-31-27,0L82,16,New Pool Wildcat,7/27/1988 00:00:00,26-Aug-1988,8/30/1988 00:00:00,0.0,930.2,2848.0,2847.57
160,00/09-18-049-09W5/0,Non Confidential,AMOCO HB PEMBINA 9-18-49-9,0T62,,Deeper Pool Test IEW,9/24/1980 00:00:00,22-Dec-1980,,2575.0,926.9,3300.0,0.0
161,00/10-25-065-27W5/0,Non Confidential,BP BASELINE 10-25-65-27,,,New Fld Wildcat IEW,1/19/1981 00:00:00,13-Apr-1981,,,927.9,3875.0,3862.29
162,00/10-36-043-01W5/0,Non Confidential,SACHS NO. 10,,,New Field Wildcat,10/26/1955 00:00:00,17-Jan-1956,,0.0,936.7,2526.8,0.0
163,00/09-06-052-11W5/0,Non Confidential,IMPERIAL CYNTHIA NO. 9-6-52-11,,,New Field Wildcat,3/13/1954 00:00:00,05-Sep-1954,,0.0,940.6,3114.1,0.0
164,00/14-20-053-15W5/0,Non Confidential,CHEVRON ET AL ROSEVEAR 14-20-53-15,0T62,,New Pool Wildcat IEW,6/4/1979 00:00:00,28-Jul-1979,,0.0,940.5,3520.0,0.0
165,00/06-24-065-17W5/0,Non Confidential,TRILOGY ET AL KAYBOB 6-24-65-17,,,New Pool Wildcat IEW,2/25/1979 00:00:00,26-Mar-1979,,2455.0,944.5,3007.0,
166,00/09-29-065-15W5/0,Non Confidential,DOME ET AL MEEKWAP 9-29-65-15,0T62,,New Pool Wildcat IEW,3/7/1984 00:00:00,31-Mar-1984,,0.0,946.7,2890.0,0.0
167,00/08-34-034-25W4/0,Non Confidential,MURPHY ET AL THREEHCK 8-34-34-25,0Y45,6,Deeper Pool Test IEW,5/4/1984 00:00:00,27-May-1984,6/2/1984 00:00:00,0.0,943.7,2470.0,0.0
168,00/10-28-052-16W5/0,Non Confidential,HOME PACIFIC EDSON 10-28-52-16,,,New Field Wildcat,7/31/1962 00:00:00,31-Oct-1962,,0.0,944.0,3648.5,0.0
169,00/10-28-062-12W5/0,Non Confidential,TRI LINK ET AL CARSONN 10-28-62-12,,,New Pool Wildcat,9/16/1980 00:00:00,17-Oct-1980,,0.0,944.6,2654.0,0.0
170,00/11-26-058-14W5/0,Non Confidential,SAMEDAN ET AL GROAT 11-26-58-14,,,New Field Wildcat,8/7/1971 00:00:00,01-Sep-1971,,0.0,946.1,3055.0,0.0
171,00/06-13-052-16W5/0,Non Confidential,CCS EDSON 6-13-52-16,,,New Pool Wildcat IEW,1/17/1982 00:00:00,04-Apr-1982,,0.0,946.4,3677.0,0.0
172,00/01-18-044-03W5/0,Non Confidential,ICGR ET AL WROSES 1-18-44-3,0Y45,1,New Pool Wildcat IEW,3/20/1985 00:00:00,14-Apr-1985,4/21/1985 00:00:00,0.0,946.9,2792.0,0.0
173,00/04-05-062-15W5/0,Non Confidential,TRILOGY WIND 4-5-62-15,,,New Pool Wildcat,11/8/1979 00:00:00,11-Feb-1980,,2468.0,953.9,3048.0,
174,00/06-10-052-16W5/0,Non Confidential,CAN DELHI ET AL WOLF 6-10-52-16,,,New Field Wildcat,2/20/1969 00:00:00,18-Apr-1969,,0.0,953.1,3726.5,0.0
175,00/01-23-064-27W5/0,Non Confidential,TRILOGY SIMON 1-23-64-27,0ZF9,7,Development,3/2/1995 00:00:00,19-Apr-1995,4/24/1995 00:00:00,,960.2,4000.0,
176,02/14-20-047-09W5/0,Non Confidential,AMOCO ET AL PEMBINA 14-20-47-9,,,Deeper Pool Test IEW,12/14/1978 00:00:00,14-Mar-1979,,2634.0,956.3,3454.6,0.0
177,00/16-01-061-22W5/0,Non Confidential,WESTFIRE BIGSTONE 16-1-61-22,,,New Pool Wildcat IEW,2/27/1982 00:00:00,29-Apr-1982,,,963.3,3700.0,
178,00/11-14-064-27W5/0,Non Confidential,TRILOGY SIMON 11-14-64-27,0ZF9,7,Development,7/16/1995 00:00:00,10-Sep-1995,9/12/1995 00:00:00,3962.0,969.4,4023.0,
179,00/06-29-061-18W5/0,Non Confidential,TARRAGON ET AL FOX CREEK 6-29-61-18,,,Deeper Pool Test IEW,9/26/1982 00:00:00,01-Nov-1982,,0.0,971.9,3374.0,0.0
180,00/08-18-052-14W5/0,Non Confidential,HB DEB ET AL CARROT CREEK 8-18-52-14,,,New Pool Wildcat IEW,2/20/1981 00:00:00,04-Apr-1981,,0.0,960.7,3532.0,0.0
181,00/02-15-034-26W4/0,Non Confidential,Vantage WIM 2-15-34-26,0Z41,95,Deeper Pool Test,12/1/1998 00:00:00,19-Dec-1998,12/21/1998 00:00:00,2296.0,976.9,2740.0,0.0
182,00/04-23-040-07W5/0,Non Confidential,PURE TPC&O BAYSEL BINGLEY 4-23-40-7,,,New Field Wildcat,12/13/1959 00:00:00,08-Mar-1960,,0.0,982.4,3606.4,0.0
183,00/07-01-041-03W5/0,Non Confidential,CHEVRON ET AL GILBY 7-1-41-3,878,20,Deeper Pool Test EGW,11/22/1986 00:00:00,28-Dec-1986,1/10/1987 00:00:00,0.0,984.9,3170.0,3169.6
184,00/03-22-052-19W5/0,Non Confidential,SEAGULL ET AL EDSON 3-22-52-19,0T62,,New Pool Wildcat IEW,8/15/1978 00:00:00,28-Nov-1978,,3365.0,988.8,4241.0,0.0
185,00/10-09-062-23W5/0,Non Confidential,AMOCO TONY 10-9-62-23,,,New Pool Wildcat IEW,6/9/1978 00:00:00,09-Aug-1978,,2440.0,985.1,3747.2,0.0
186,00/07-25-044-10W5/0,Non Confidential,DEKALB O'CHIESE 7-25-44-10,,,New Pool Wildcat IEW,11/22/1980 00:00:00,19-Feb-1981,,2960.0,989.8,3718.0,3717.52
187,02/06-10-038-05W5/0,Non Confidential,YANGARRA WILLGR 6-10-38-5,0Y45,10,New Pool Wildcat,3/29/1989 00:00:00,23-Apr-1989,5/6/1989 00:00:00,0.0,1000.7,3358.0,0.0
188,00/03-09-065-12W5/0,Non Confidential,1976082 VIRG 3-9-65-12,,,Development,10/27/1978 00:00:00,17-Nov-1978,,,1001.2,2734.0,
189,00/04-35-050-18W5/0,Non Confidential,HARVEST ANSELL 4-35-50-18,0Y52,632,New Pool Wildcat,1/12/1998 00:00:00,11-Apr-1998,4/16/1998 00:00:00,,1002.4,4095.0,
190,00/06-21-051-18W5/0,Non Confidential,TOURMALINE EDSON 6-21-51-18,878,26,New Pool Wildcat EGW,11/25/1985 00:00:00,24-Jan-1986,2/3/1986 00:00:00,3650.0,1005.0,4115.0,0.0
191,00/06-06-065-15W5/0,Non Confidential,EEL TWOCK 6-6-65-15,,,New Fld Wildcat IEW,11/20/1979 00:00:00,06-Jan-1980,,1915.0,1016.6,2995.0,0.0
192,00/13-24-055-22W5/0,Non Confidential,PEYTO SUNDANCE 13-24-55-22,,,Outpost IEW,12/11/1980 00:00:00,05-Mar-1981,,3100.0,1018.6,4183.0,
193,00/11-25-062-16W5/0,Non Confidential,FINA ET AL CHIC 11-25-62-16,,,New Pool Wildcat IEW,10/1/1978 00:00:00,07-Nov-1978,,1964.0,1025.1,3113.0,0.0
194,00/06-12-042-11W5/0,Non Confidential,CDN-SUP ET AL BREWSTER CK 6-12-42-11,,,Development,1/15/1962 00:00:00,02-May-1962,,,1029.0,4145.3,4143.71
195,00/02-35-062-12W5/0,Non Confidential,MOBIL JUDYS 2-35-62-12,0Y52,3,Development,1/7/1982 00:00:00,29-Jan-1982,,0.0,1039.7,2755.0,0.0
196,00/06-25-064-12W5/0,Non Confidential,FOREST ET AL JUDY CREEK 6-25-64-12,,,Deeper Pool Test IEW,11/20/1982 00:00:00,10-Dec-1982,,1605.0,1029.4,2765.0,0.0
197,02/09-23-040-09W5/0,Non Confidential,NORCEN ET AL FERR 9-23-40-9,,,New Field Wildcat,1/20/1956 00:00:00,16-Jun-1956,,2330.8,1053.1,3995.9,0.0
198,00/09-29-055-18W5/0,Non Confidential,BEC PINE CK 9-29-55-18,0Y52,89,New Pool Wildcat,11/11/1996 00:00:00,17-Dec-1996,12/24/1996 00:00:00,0.0,1058.0,3785.0,3784.73
199,00/07-05-058-18W5/0,Non Confidential,HB ET AL KAYBOBS 7-5-58-18,,,New Pool Wildcat IEW,3/18/1980 00:00:00,14-May-1980,,0.0,1053.1,3624.0,0.0
200,00/11-16-049-14W5/0,Non Confidential,UNION ET AL WESTPEM 11-16-49-14,,,New Pool Wildcat IEW,2/5/1979 00:00:00,12-May-1979,,3290.0,1085.0,3922.0,0.0
201,00/11-01-056-18W5/0,Non Confidential,MARATHON ET AL SHINBK 11-1-56-18,0X68,37,New Pool Wildcat IEW,7/28/1980 00:00:00,20-Sep-1980,,0.0,1097.0,3736.0,0.0
202,00/05-07-056-24W5/0,Non Confidential,TOURMALINE WILD RIV 5-7-56-24,,,New Fld Wildcat IEW,6/6/1980 00:00:00,13-Jul-1980,,2222.6,1103.6,2318.0,0.0
203,00/10-01-056-19W5/0,Non Confidential,BEC PINE CK 10-1-56-19,0ZA3,27,New Pool Wildcat,7/16/1992 00:00:00,11-Sep-1992,9/15/1992 00:00:00,0.0,1110.3,3870.0,0.0
204,00/06-36-063-12W5/0,Non Confidential,IMPERIAL VIRGINIA HILLS 6-36-63-12,,,New Field Wildcat,3/30/1956 00:00:00,16-Jul-1956,,0.0,1130.2,3264.4,0.0
205,00/14-17-055-19W5/0,Non Confidential,GENESIS ET AL MARLBORO 14-17-55-19,,,New Pool Wildcat,7/7/1970 00:00:00,31-Aug-1970,,0.0,1143.6,4010.3,0.0
206,00/04-12-066-13W5/0,Non Confidential,JOFFRE RUPERTS VIRGHILLS 4-12-66-13,,,Development,5/2/1980 00:00:00,27-May-1980,,0.0,1145.5,2900.0,0.0
207,00/03-26-049-20W5/0,Non Confidential,GULF ET AL MITCHELL 3-26-49-20,0X84,21,New Fld Wildcat IEW,11/16/1983 00:00:00,17-Feb-1984,,3645.8,1143.7,4711.0,0.0
208,00/06-29-045-14W5/0,Non Confidential,AQUIT BRAZR 6-29-45-14,,,New Pool Wildcat IEW,3/5/1979 00:00:00,19-Jun-1979,,0.0,1155.1,4891.0,4889.89
209,00/16-09-066-13W5/0,Non Confidential,LYLETON ET AL VIRGHILLS 16-9-66-13,0X01,23,New Pool Wildcat,9/30/1984 00:00:00,18-Oct-1984,11/5/1984 00:00:00,0.0,1171.9,2939.0,0.0
210,00/02-32-064-13W5/0,Non Confidential,PEMBINA ET AL VIRGHILLS 2-32-64-13,0BP6,5,Outpost,1/9/1985 00:00:00,08-Feb-1985,2/13/1985 00:00:00,0.0,1166.9,2920.0,0.0
211,02/11-22-044-16W5/0,Non Confidential,TIDEWATER BLACKST 11-22-44-16,0Y27,32,Development,5/22/1987 00:00:00,05-Oct-1987,10/21/1987 00:00:00,0.0,1175.1,4820.0,0.0
212,00/11-22-044-16W5/0,Non Confidential,TIDEWATER BLACKST 11-22-44-16,,,New Fld Wildcat IEW,11/17/1978 00:00:00,02-Apr-1979,,0.0,1168.7,4805.0,0.0
213,00/06-26-047-15W5/0,Non Confidential,CVE BRAZR 6-26-47-15,,,Deeper Pool Test,1/6/1960 00:00:00,03-May-1960,,0.0,1175.6,4262.9,0.0
214,00/03-12-045-17W5/0,Non Confidential,AMOCO BLACKSTONE 3-12-45-17,,,New Pool Wildcat IEW,5/15/1980 00:00:00,18-Sep-1980,,0.0,1177.3,4833.0,0.0
215,00/11-14-066-13W5/0,Non Confidential,CPEC VIRG 11-14-66-13,0Y27,4,Outpost,10/7/1984 00:00:00,31-Oct-1984,11/6/1984 00:00:00,0.0,1193.9,2957.0,0.0
216,00/11-25-047-18W5/0,Non Confidential,Canlin HANLAN 11-25-47-18,,,Development,7/14/1981 00:00:00,07-Oct-1981,,0.0,1222.9,4665.0,4664.06
217,00/10-07-047-17W5/0,Non Confidential,ACL HANLAN 10-7-47-17,,,Development,8/6/1979 00:00:00,27-Dec-1979,,0.0,1246.8,4708.0,0.0
218,00/04-10-078-24W5/0,Non Confidential,WHITE ROSE ET AL WATINO 4-10-78-24,,,New Field Wildcat,10/23/1961 00:00:00,23-Dec-1961,,0.0,383.4,2412.5,0.0
219,00/08-23-043-16W5/0,Non Confidential,SHELL STOLBERG 8-23-43-16,0Y52,3,New Pool Wildcat IEW,7/1/1980 00:00:00,28-Dec-1980,,0.0,1278.3,5075.0,5066.18
220,00/01-09-040-12W5/0,Non Confidential,CANTERRA GULF PHOENIX 1-9-40-12,0X84,24,New Fld Wildcat IEW,12/29/1983 00:00:00,19-Apr-1984,,3229.0,1283.8,4815.0,0.0
221,00/04-04-036-10W5/0,Non Confidential,NORTHROCK ET AL RICINW 4-4-36-10,0Y52,617,Outpost,6/25/1998 00:00:00,26-Jul-1998,7/29/1998 00:00:00,0.0,1535.7,1885.0,1881.37
222,00/11-22-055-12W4/0,Non Confidential,WHITE ROSE DUVERNAY 11-22-55-12,,,Development,8/29/1961 00:00:00,08-Sep-1961,,0.0,593.8,1286.6,0.0
223,00/10-33-061-27W4/0,Non Confidential,SHELL WESTLOCK 10-33-61-27,,,New Field Wildcat,1/4/1966 00:00:00,01-Feb-1966,,0.0,616.6,2087.9,0.0
224,00/10-27-060-27W4/0,Non Confidential,SEQUOIA WESTLOCK 10-27-60-27,,,Deeper Pool Test,10/20/1965 00:00:00,12-Nov-1965,,0.0,621.8,1969.0,0.0
225,06/14-11-055-22W4/0,Non Confidential,DOW 103B FTSASK NACL 14-11-55-22,,,Other,3/27/1977 00:00:00,02-May-1977,,0.0,633.1,1926.3,0.0
226,00/10-16-060-27W4/0,Non Confidential,CHEVRON WESTLOCK 10-16-60-27,,,Deeper Pool Test,10/13/1965 00:00:00,11-Nov-1965,,0.0,634.0,2051.3,0.0
227,00/04-07-059-20W4/0,Non Confidential,WHITE ROSE RADWAY 4-7-59-20,,,New Field Wildcat,6/8/1960 00:00:00,19-Jun-1960,,0.0,638.3,1280.2,0.0
228,00/10-21-075-19W5/0,Non Confidential,IMP IROQUOIS 10-21-75-19,,,Development,12/2/1961 00:00:00,11-Jan-1962,,0.0,648.9,2463.1,0.0
229,00/01-27-060-26W4/0,Non Confidential,IMP-BAYSEL RIVERDALE NO. 1-27-60-26,,,New Field Wildcat,12/6/1955 00:00:00,08-Feb-1956,,0.0,650.1,2291.5,0.0
230,00/02-06-059-04W5/0,Non Confidential,GRT PLNS THUNDER LK 2-6-59-4,,,New Field Wildcat,5/20/1962 00:00:00,23-Jun-1962,,0.0,652.6,2347.0,0.0
231,00/07-32-078-10W5/0,Non Confidential,DEVON GIFT 7-32-78-10,,,New Fld Wildcat IEW,1/13/1973 00:00:00,02-Feb-1973,,,653.5,1797.7,1797.57
232,00/03-21-069-21W5/0,Non Confidential,QUINTANA ET AL STURLS 3-21-69-21,,,New Pool Wildcat,6/21/1971 00:00:00,12-Jul-1971,,0.0,653.2,2871.2,0.0
233,00/10-17-053-23W4/0,Non Confidential,WBPINC. DISP EDMONTON 10-17-53-23,,,New Field Wildcat,7/17/1965 00:00:00,01-Aug-1965,,1286.9,654.7,1855.3,
234,00/10-12-071-21W5/0,Non Confidential,KEWANEE MULE CK SMOKY 10-12-71-21,,,New Field Wildcat,8/11/1964 00:00:00,09-Sep-1964,,0.0,658.4,2758.4,0.0
235,00/10-10-078-09W5/0,Non Confidential,SHELL ET AL NIPISI 10-10-78-9,,,New Field Wildcat,1/28/1962 00:00:00,19-Feb-1962,,0.0,662.9,1881.5,0.0
236,00/10-35-059-03W5/0,Non Confidential,HOME BARRHEAD 10-35-59-3,,,New Field Wildcat,10/23/1964 00:00:00,05-Dec-1964,,0.0,667.5,2514.0,0.0
237,00/12-18-060-05W5/0,Non Confidential,GRT PLNS B.A. THUNDER LK 12-18-60-5,,,New Field Wildcat,2/21/1962 00:00:00,29-Mar-1962,,0.0,683.4,2180.8,0.0
238,00/16-20-054-25W4/0,Non Confidential,CALSTAN WEST CDN CAMAO 16-20-54-25,,,Deeper Pool Test,12/3/1960 00:00:00,01-Jan-1961,,0.0,691.3,1941.6,0.0
239,00/11-15-068-02W6/0,Non Confidential,PCI AMMIN ECONOMY 11-15-68-2,,,New Fld Wildcat IEW,8/12/1976 00:00:00,11-Oct-1976,,1634.3,693.7,3604.3,0.0
240,00/07-06-065-04W5/0,Non Confidential,MICH WIS PAN AM IOE TIMEU 7-6-65-4,,,New Field Wildcat,7/28/1968 00:00:00,23-Aug-1968,,0.0,701.3,2411.0,0.0
241,00/01-01-070-20W5/0,Non Confidential,SAMEDAN ET AL SUNSET 1-1-70-20,,,New Pool Wildcat,3/11/1971 00:00:00,01-Apr-1971,,0.0,701.0,2767.6,0.0
242,00/15-36-078-12W5/0,Non Confidential,CHEVRON GIFT LAKE 15-36-78-12,,,New Fld Wildcat IEW,1/27/1976 00:00:00,13-Feb-1976,,0.0,699.8,1925.7,0.0
243,00/10-29-066-25W5/0,Non Confidential,AMOCO A-1 NW ANTE 10-29-66-25,,,New Pool Wildcat,9/9/1973 00:00:00,19-Oct-1973,,0.0,707.1,3422.9,0.0
244,00/15-28-067-21W5/0,Non Confidential,IOSEGUN NO. 15-28,,,New Field Wildcat,3/21/1954 00:00:00,13-Aug-1954,,0.0,706.5,2999.8,0.0
245,00/11-11-078-12W5/0,Non Confidential,CHEVRON GIFT LAKE 11-11-78-12,,,New Fld Wildcat IEW,2/22/1976 00:00:00,07-Mar-1976,,0.0,705.0,2007.1,0.0
246,00/10-34-070-20W5/0,Non Confidential,SINCLAIR ET AL SUNSET 10-34-70-20,,,New Field Wildcat,2/27/1965 00:00:00,23-Mar-1965,,0.0,702.6,2761.5,0.0
247,00/09-01-077-16W5/0,Non Confidential,PENN WEST HEARTR 9-1-77-16,,,New Fld Wildcat IEW,3/4/1977 00:00:00,01-Apr-1977,,0.0,708.4,2289.0,0.0
248,00/07-23-048-11W4/0,Non Confidential,PINE CLIFF VIK-KINS 7-23-48-11,,,Deeper Pool Test,11/29/1971 00:00:00,18-Dec-1971,,644.7,710.2,1360.3,0.0
249,00/11-30-069-19W5/0,Non Confidential,COX AZTEC SUNSET 11-30-69-19,,,Deeper Pool Test,11/27/1971 00:00:00,17-Dec-1971,,0.0,709.6,2777.9,0.0
250,00/11-09-052-26W4/0,Non Confidential,SUN ET AL YEKAU 11-9-52-26,,,New Pool Wildcat,11/1/1972 00:00:00,21-Nov-1972,,0.0,714.5,2115.3,0.0
251,00/06-23-072-18W5/0,Non Confidential,QUINTANA ET AL SNIPE 6-23-72-18,,,Deeper Pool Test IEW,2/26/1977 00:00:00,22-Mar-1977,,0.0,715.4,2557.3,0.0
252,00/07-05-077-08W5/0,Non Confidential,CDN-SUP ET AL NIPISI 7-5-77-8,,,New Pool Wildcat IEW,3/3/1976 00:00:00,23-Mar-1976,,0.0,718.7,2008.6,0.0
253,00/10-18-043-16W4/0,Non Confidential,SUN ET AL STROME 10-18-43-16,,,New Pool Wildcat,6/30/1972 00:00:00,12-Jul-1972,,0.0,719.9,1749.6,0.0
254,00/11-06-073-24W5/0,Non Confidential,GCON HB PUSKWASKAU 11-6-73-24,,,New Field Wildcat,12/27/1972 00:00:00,29-Jan-1973,,0.0,721.2,3027.0,0.0
255,00/07-29-072-22W5/0,Non Confidential,TEXCAN WABAT 7-29-72-22,,,New Fld Wildcat IEW,10/16/1973 00:00:00,20-Nov-1973,11/24/1973 00:00:00,,720.5,2863.6,
256,00/10-13-069-20W5/0,Non Confidential,SUBT SUNSET 10-13-69-20,,,New Field Wildcat,11/24/1969 00:00:00,23-Dec-1969,,1524.0,726.9,2882.5,
257,00/14-29-069-19W5/0,Non Confidential,LONGVIEW SUNSET 14-29-69-19,,,New Field Wildcat,1/29/1960 00:00:00,13-Mar-1960,,2706.6,730.9,2899.6,
258,00/02-18-057-06W5/0,Non Confidential,CVE SANGUDO 2-18-57-6,,,New Field Wildcat,12/22/1964 00:00:00,01-Feb-1965,,0.0,731.5,2407.9,0.0
259,00/10-11-066-22W5/0,Non Confidential,MERLAND ET AL GIROUXLUX 10-11-66-22,,,Deeper Pool Test IEW,1/6/1978 00:00:00,24-Feb-1978,,1876.0,733.7,3170.2,0.0
260,00/02-27-066-25W5/0,Non Confidential,TRIAD PAN AM ANTE 2-27-66-25,,,Development,7/9/1967 00:00:00,15-Aug-1967,,0.0,736.1,3405.2,0.0
261,00/11-14-071-14W5/0,Non Confidential,HOMESTEAD SHELL ENILDA 11-14-71-14,,,New Field Wildcat,2/20/1970 00:00:00,19-Mar-1970,,0.0,738.2,2360.4,0.0
262,00/16-17-069-19W5/0,Non Confidential,TEXCAN SUNSET 16-17-69-19,,,New Pool Wildcat,9/17/1970 00:00:00,16-Oct-1970,,0.0,740.1,2805.7,0.0
263,00/10-08-066-20W5/0,Non Confidential,HB QUINTANA UNION GIROUX 10-8-66-20,,,New Field Wildcat,2/16/1972 00:00:00,18-Mar-1972,,0.0,741.9,3045.0,0.0
264,00/10-17-065-19W5/0,Non Confidential,PHILLIPS ATIKAMEG 10-17-65-19,,,New Field Wildcat,1/14/1959 00:00:00,12-Apr-1959,,2481.4,743.4,3277.2,0.0
265,00/12-15-064-19W5/0,Non Confidential,TRILOGY KAYBOB 12-15-64-19,,,Outpost,11/15/1957 00:00:00,11-Jan-1958,,,744.3,2994.7,
266,00/12-33-068-20W5/0,Non Confidential,MIAMI HB STURGEN LAKE 12-33-68-20,,,New Field Wildcat,1/30/1967 00:00:00,06-Mar-1967,,0.0,744.3,2938.3,0.0
267,00/02-15-064-19W5/0,Non Confidential,TRILOGY KAYBOB 2-15-64-19,,,Development,6/7/1959 00:00:00,27-Jul-1959,,,745.5,2987.0,
268,00/02-28-064-19W5/0,Non Confidential,TRILOGY KAYBOB 2-28-64-19,,,Development,6/1/1960 00:00:00,06-Jul-1960,,,745.8,2994.7,
269,00/07-22-064-19W5/0,Non Confidential,TRILOGY KAYBOB 7-22-64-19,,,New Field Wildcat,2/12/1957 00:00:00,13-Jun-1957,,2976.1,746.5,3183.6,
270,00/12-34-054-07W5/0,Non Confidential,MUSKEG A-1 PARK COURT 12-34-54-7,,,New Field Wildcat,12/20/1964 00:00:00,25-Jan-1965,,0.0,746.8,2566.4,0.0
271,00/10-34-064-19W5/0,Non Confidential,TRILOGY NT KAYBOB 10-34-64-19,,,Development,11/4/1960 00:00:00,13-Dec-1960,,2968.1,747.4,2973.6,
272,00/10-02-067-21W5/0,Non Confidential,B.A. FRONTIER LSMOKY 10-2-67-21,,,New Field Wildcat,2/6/1966 00:00:00,20-Mar-1966,,0.0,747.7,3072.4,0.0
273,00/12-35-064-19W5/0,Non Confidential,TRILOGY KAYBOB 12-35-64-19,,,Development,10/13/1962 00:00:00,14-Nov-1962,,,750.4,2959.6,
274,00/02-01-067-19W5/0,Non Confidential,IMP GOOSE RIVER 2-1-67-19,,,New Field Wildcat,1/6/1960 00:00:00,09-Mar-1960,,0.0,752.9,3117.5,0.0
275,00/07-10-058-13W5/0,Non Confidential,TEXCAN ET AL MAHASKA 7-10-58-13,,,New Fld Wildcat IEW,12/12/1973 00:00:00,10-Jan-1974,,0.0,741.0,2828.2,0.0
276,02/05-20-042-17W4/0,Non Confidential,B.A. ARNOLD DONALDA A5-20-42-17,,,New Field Wildcat,3/24/1959 00:00:00,20-Apr-1959,,0.0,753.8,1844.0,0.0
277,00/02-02-064-19W5/0,Non Confidential,TRILOGY UNIT 1 KAYBOB 2-2-64-19,,,Development,12/3/1958 00:00:00,25-Jan-1959,,,754.1,3005.9,
278,00/04-32-066-18W5/0,Non Confidential,B.A. GOOSE RIVER 4-32-66-18,,,Development,10/30/1964 00:00:00,03-Dec-1964,,2870.6,764.7,2884.0,2881.61
279,00/16-19-068-19W5/0,Non Confidential,HB UNION SNIPE LAKE 16-19-68-19,,,New Field Wildcat,2/2/1962 00:00:00,24-Mar-1962,,0.0,759.3,3089.1,0.0
280,00/07-30-050-22W4/0,Non Confidential,PETRO BUYERS JOAM 7-30-50-22,,,New Field Wildcat,10/5/1960 00:00:00,15-Nov-1960,,1319.8,765.7,1936.4,0.0
281,00/03-32-060-15W5/0,Non Confidential,AMOCO HB WIND 3-32-60-15,,,Development,12/1/1970 00:00:00,25-Jan-1971,,0.0,766.3,2907.8,0.0
282,00/02-11-067-20W5/0,Non Confidential,B.A. IOSEGUN 2-11-67-20,,,New Field Wildcat,1/20/1963 00:00:00,28-Feb-1963,,0.0,769.6,2994.7,0.0
283,00/10-16-064-19W5/0,Non Confidential,TRILOGY KAYBOB 10-16-64-19,,,Development,2/19/1958 00:00:00,20-Apr-1958,,3002.0,765.7,3017.5,
284,00/04-34-067-18W5/0,Non Confidential,CALSTAN GOOSE RIVER 4-34-67-18,,,New Field Wildcat,12/25/1962 00:00:00,22-Feb-1963,,0.0,774.5,2863.0,0.0
285,00/10-26-066-19W5/0,Non Confidential,TIDEWATER GOOSE RIVER 10-26-66-19,,,New Field Wildcat,2/23/1959 00:00:00,04-May-1959,,0.0,775.1,3149.8,0.0
286,00/06-03-065-06W5/0,Non Confidential,QUINTANA ET AL FOLEY LAKE 6-3-65-6,,,New Field Wildcat,1/9/1973 00:00:00,02-Feb-1973,,0.0,780.9,2162.6,0.0
287,00/12-09-064-19W5/0,Non Confidential,TRILOGY KAYBOB 12-9-64-19,,,Development,9/13/1959 00:00:00,24-Oct-1959,,,778.2,3055.6,
288,00/11-16-068-19W5/0,Non Confidential,FINA GOOSER 11-16-68-19,,,New Field Wildcat,2/3/1970 00:00:00,04-Mar-1970,,0.0,782.1,2902.6,0.0
289,00/10-20-065-23W5/0,Non Confidential,HOMESTEAD RB ANTE CREEK 10-20-65-23,,,Development,2/22/1963 00:00:00,16-Apr-1963,,0.0,787.0,3393.9,0.0
290,00/10-36-059-13W5/0,Non Confidential,OUTLIER RES GOODWIN 10-36-59-13,,,Outpost,1/2/1973 00:00:00,30-Jan-1973,,2552.7,780.0,2761.5,0.0
291,00/02-28-063-20W5/0,Non Confidential,CALSTAN B.A. KAYBOB WEST 2-28-63-20,,,New Field Wildcat,11/4/1960 00:00:00,31-Dec-1960,,0.0,787.0,3215.0,0.0
292,00/06-10-041-19W4/0,Non Confidential,B.A. RED WILLOW 6-10-41-19,,,New Field Wildcat,12/12/1958 00:00:00,21-Jan-1959,,1257.6,787.0,2011.7,0.0
293,00/10-17-064-19W5/0,Non Confidential,TRILOGY NT KAYBOB 10-17-64-19,,,Development,8/2/1958 00:00:00,18-Sep-1958,,3051.7,788.8,3063.2,
294,00/12-22-063-19W5/0,Non Confidential,TRILOGY KAYBOB 12-22-63-19,,,Development,10/6/1959 00:00:00,23-Nov-1959,,0.0,787.3,3080.6,0.0
295,00/11-06-067-26W5/0,Non Confidential,SOBC AMERADA N SIMON 11-6-67-26,,,New Field Wildcat,12/4/1966 00:00:00,27-Mar-1967,,0.0,793.7,3652.4,0.0
296,00/10-18-063-19W5/0,Non Confidential,TRILOGY SOUTH KAYBOB 10-18-63-19,,,New Pool Wildcat,9/20/1962 00:00:00,29-Oct-1962,,1897.4,791.3,3158.3,
297,00/10-22-059-13W5/0,Non Confidential,1976082 GOODWIN 10-22-59-13,,,New Field Wildcat,6/18/1963 00:00:00,03-Aug-1963,,0.0,786.4,2813.9,0.0
298,00/10-26-064-20W5/0,Non Confidential,TRILOGY KAYBOB 10-26-64-20,,,New Field Wildcat,10/14/1959 00:00:00,14-Dec-1959,,1734.3,792.5,3194.9,
299,00/11-02-066-25W5/0,Non Confidential,TRIAD ANTE 11-2-66-25,,,New Field Wildcat,2/16/1966 00:00:00,07-Apr-1966,,0.0,792.5,3500.6,0.0
300,00/05-05-064-18W5/0,Non Confidential,TRILOGY ET AL KAYBOB 5-5-64-18,,,New Field Wildcat,6/28/1957 00:00:00,14-Sep-1957,,,792.8,3034.3,
301,00/07-33-063-19W5/0,Non Confidential,TRILOGY KAYBOB 7-33-63-19,,,New Field Wildcat,7/31/1957 00:00:00,06-Oct-1957,,3069.6,792.8,3107.1,
302,00/04-11-065-19W5/0,Non Confidential,TRILOGY KAYBOB 4-11-65-19,,,Outpost,8/1/1960 00:00:00,22-Sep-1960,,2991.6,793.7,3084.6,
303,00/07-35-060-14W5/0,Non Confidential,CVE WIND 7-35-60-14,,,New Field Wildcat,10/18/1969 00:00:00,10-Nov-1969,,0.0,787.0,2810.9,0.0
304,00/10-25-066-20W5/0,Non Confidential,HB QUINTANA UNION GIROUX 10-25-66-20,,,New Pool Wildcat IEW,1/25/1973 00:00:00,21-Feb-1973,,0.0,797.7,3018.7,0.0
305,00/10-05-065-23W5/0,Non Confidential,RAX MOBIL ANTE 10-5-65-23,,,Development,9/10/1966 00:00:00,20-Oct-1966,,0.0,795.2,3437.5,0.0
306,00/13-08-063-20W5/0,Non Confidential,CHEVRON GULF KAYBOBS 13-8-63-20,,,New Pool Wildcat IEW,11/24/1976 00:00:00,05-Jan-1977,,0.0,796.4,3267.5,0.0
307,00/11-28-068-19W5/0,Non Confidential,HOMESTEAD ET AL SNIPE 11-28-68-19,,,New Field Wildcat,11/24/1972 00:00:00,23-Dec-1972,,1773.9,795.5,2891.0,0.0
308,00/02-27-063-19W5/0,Non Confidential,TRILOGY KAYBOB 2-27-63-19,,,Development,5/20/1959 00:00:00,05-Jul-1959,,,796.7,3081.8,
309,00/10-31-063-07W5/0,Non Confidential,IMP FREEMAN 10-31-63-7,,,New Field Wildcat,8/20/1958 00:00:00,16-Oct-1958,,0.0,796.1,2531.1,0.0
310,00/05-31-065-06W5/0,Non Confidential,HUDSON'S BAY EAST VIRGINIA HILLS 1,,,New Field Wildcat,6/6/1957 00:00:00,18-Jul-1957,,0.0,797.1,2567.0,0.0
311,00/12-29-055-13W5/0,Non Confidential,MOBIL CS MCLEOD 12-29-55-13,,,Outpost,11/20/1963 00:00:00,23-Jan-1964,,0.0,797.1,3034.9,0.0
312,00/02-18-063-18W5/0,Non Confidential,TRILOGY KAYBOB 2-18-63-18,,,New Field Wildcat,10/13/1959 00:00:00,14-Dec-1959,,1575.8,798.6,3090.7,3090.66
313,00/12-17-066-26W5/0,Non Confidential,PURE AMERADA ANTE CREEK 12-17-66-26,,,New Field Wildcat,12/31/1960 00:00:00,16-Mar-1961,,0.0,798.6,3637.5,0.0
314,00/12-05-063-19W5/0,Non Confidential,CALSTAN B.A. IOSEGUN 12-5-63-19,,,New Field Wildcat,11/15/1957 00:00:00,06-Jan-1958,,0.0,801.9,3188.8,0.0
315,00/10-01-065-18W5/0,Non Confidential,SOC KAYBOB 10-1-65-18,,,New Field Wildcat,12/9/1960 00:00:00,16-Feb-1961,,,802.8,3235.5,
316,00/10-07-060-17W5/0,Non Confidential,FINA ET AL KAYBOBS 10-7-60-17,,,New Pool Wildcat IEW,12/17/1975 00:00:00,17-Jan-1976,,0.0,805.0,3148.6,0.0
317,00/12-18-064-17W5/0,Non Confidential,SKELLY BERTA J1 KAYBOB 12-18-64-17,,,New Field Wildcat,11/27/1961 00:00:00,31-Jan-1962,,0.0,805.3,3143.7,0.0
318,00/02-24-066-17W5/0,Non Confidential,B.A. VIRGINIA HILLS 2-24-66-17,,,New Field Wildcat,1/25/1963 00:00:00,01-Mar-1963,,0.0,803.8,2807.2,0.0
319,00/10-16-064-23W5/0,Non Confidential,AMOCO MOBIL L-2 WAHIGAN 10-16-64-23,,,Deeper Pool Test IEW,12/7/1975 00:00:00,09-Feb-1976,,0.0,806.8,3470.1,0.0
320,00/10-16-064-22W5/0,Non Confidential,RAX ET AL MCKINLEY 10-16-64-22,,,New Field Wildcat,2/24/1978 00:00:00,05-Apr-1978,,2152.2,810.8,3383.3,0.0
321,00/06-23-063-18W5/0,Non Confidential,PACIFIC ET AL KAYBOB 6-23-63-18,,,New Pool Wildcat,1/26/1971 00:00:00,28-Feb-1971,,0.0,806.2,3035.8,0.0
322,00/06-05-055-14W5/0,Non Confidential,HUBER ROSEVEAR 6-5-55-14,,,New Pool Wildcat IEW,7/26/1976 00:00:00,04-Sep-1976,,0.0,812.9,3185.2,0.0
323,00/04-36-065-07W5/0,Non Confidential,DECALTA POR E SARAH 4-36-65-7,,,Outpost,12/31/1964 00:00:00,20-Jan-1965,,0.0,808.3,2203.7,0.0
324,00/10-09-063-21W5/0,Non Confidential,PACIFIC PAN AM TONY 10-9-63-21,,,New Field Wildcat,12/14/1967 00:00:00,19-Jan-1968,,0.0,808.3,3365.0,0.0
325,00/11-26-057-13W5/0,Non Confidential,PEYTO UNION ETAL MAHASKA 11-26-57-13,,,New Field Wildcat,2/23/1971 00:00:00,20-Mar-1971,,0.0,810.2,2912.4,0.0
326,00/10-15-067-18W5/0,Non Confidential,IMP GOOSE RIVER EAST 10-15-67-18,,,New Field Wildcat,12/18/1962 00:00:00,28-Jan-1963,,0.0,813.5,2937.4,0.0
327,00/10-11-065-19W5/0,Non Confidential,CALSTAN MEEKWAP 10-11-65-19,,,Outpost,10/11/1960 00:00:00,20-Nov-1960,,0.0,812.0,3027.9,0.0
328,00/04-03-067-18W5/0,Non Confidential,ACCEL HOLDINGS GOOSER 4-3-67-18,,,Development,9/14/1963 00:00:00,18-Oct-1963,,,812.6,2910.8,
329,00/10-31-063-17W5/0,Non Confidential,FRONT B.A. KAYBOB 10-31-63-17,,,New Pool Wildcat,1/15/1966 00:00:00,21-Feb-1966,,0.0,812.6,2993.1,0.0
330,00/11-33-056-13W5/0,Non Confidential,SHELL MAHASKA 11-33-56-13,,,New Fld Wildcat IEW,4/11/1977 00:00:00,12-May-1977,,0.0,807.1,3032.8,0.0
331,00/10-34-068-19W5/0,Non Confidential,HOMESTEAD ET AL SWEATH 10-34-68-19,,,New Pool Wildcat IEW,2/3/1975 00:00:00,02-Mar-1975,,0.0,814.1,2875.8,0.0
332,00/10-23-069-19W5/0,Non Confidential,HESS ET AL SUNSET 10-23-69-19,,,New Pool Wildcat,11/29/1972 00:00:00,10-Jan-1973,,0.0,816.5,2849.9,0.0
333,00/10-18-066-17W5/0,Non Confidential,FRONTIER SUNL B.A. GOOSE 10-18-66-17,,,New Field Wildcat,11/15/1966 00:00:00,21-Dec-1966,,0.0,820.2,2901.7,0.0
334,00/11-08-066-18W5/0,Non Confidential,CNRL MEEKWAP 11-8-66-18,,,New Pool Wildcat IEW,1/19/1976 00:00:00,19-Feb-1976,,1790.1,820.2,2965.7,0.0
335,00/10-25-063-18W5/0,Non Confidential,TRILOGY KAYBOB 10-25-63-18,,,New Field Wildcat,2/1/1963 00:00:00,14-Mar-1963,,1837.0,820.5,3023.6,
336,00/06-29-059-13W5/0,Non Confidential,ATLANTIC BASELINE LAKE 6-29-59-13,,,New Field Wildcat,12/5/1961 00:00:00,11-Jan-1962,,0.0,821.1,2871.8,0.0
337,00/10-15-038-21W4/0,Non Confidential,CPOG OBERLIN 10-15-38-21,,,Deeper Pool Test,3/1/1967 00:00:00,12-Apr-1967,,0.0,819.6,2870.6,0.0
338,00/06-03-051-07W5/0,Non Confidential,NORTHROCK LAKEWOOD PEMBINA 6-3-51-7,,,New Pool Wildcat IEW,5/20/1978 00:00:00,05-Jul-1978,,1848.3,824.2,3065.4,0.0
339,00/02-14-064-18W5/0,Non Confidential,TRILOGY KAYBOB 2-14-64-18,,,New Field Wildcat,1/24/1964 00:00:00,29-Feb-1964,,,820.5,3011.7,
340,00/10-29-059-18W5/0,Non Confidential,TRILOGY KAYBOBS 10-29-59-18,,,Development,10/5/1968 00:00:00,20-Nov-1968,,0.0,822.0,3235.5,0.0
341,00/14-16-068-18W5/0,Non Confidential,B.A. SWEATHOUSE CREEK 14-16-68-18,,,New Field Wildcat,2/10/1962 00:00:00,20-Mar-1962,,0.0,825.1,2873.7,0.0
342,00/12-25-069-19W5/0,Non Confidential,HESS ET AL SUNSET 12-25-69-19,,,Development,2/27/1973 00:00:00,23-Mar-1973,,0.0,834.8,2840.7,0.0
343,00/06-10-061-17W5/0,Non Confidential,CHEVRON GULF PAS CREEK 6-10-61-17,,,New Fld Wildcat IEW,9/28/1977 00:00:00,29-Nov-1977,,0.0,831.2,3101.9,0.0
344,00/10-30-064-23W5/0,Non Confidential,ATLANTIC ANTE CREEK 10-30-64-23,,,New Field Wildcat,2/7/1963 00:00:00,26-Mar-1963,,2124.5,829.7,3489.7,0.0
345,00/11-32-056-13W5/0,Non Confidential,ISH MAHASKA 11-32-56-13,,,New Fld Wildcat IEW,10/24/1977 00:00:00,15-Nov-1977,,0.0,837.3,3071.2,0.0
346,00/10-18-063-21W5/0,Non Confidential,TRILOGY ET AL KAYBOB 10-18-63-21,,,New Pool Wildcat IEW,8/20/1975 00:00:00,24-Sep-1975,,2343.9,831.8,3390.9,
347,00/11-27-062-20W5/0,Non Confidential,AMOCO KAYBOBS 11-27-62-20,,,New Field Wildcat,7/23/1961 00:00:00,19-Sep-1961,,0.0,837.9,3274.2,0.0
348,00/04-22-066-23W5/0,Non Confidential,PAN AM A-1 ASPLUND CREEK 4-22-66-23,,,New Field Wildcat,2/10/1964 00:00:00,27-Mar-1964,,0.0,834.8,3354.9,0.0
349,00/11-21-064-25W5/0,Non Confidential,TPPL DEEP VALLEY 11-21-64-25,,,New Fld Wildcat IEW,10/16/1973 00:00:00,03-Jan-1974,,3505.2,837.0,3877.1,0.0
350,00/10-18-065-23W5/0,Non Confidential,RAX ANTE CREEK 10-18-65-23,,,New Field Wildcat,11/10/1962 00:00:00,05-Jan-1963,,3458.3,846.4,3468.6,0.0
351,00/04-27-063-22W5/0,Non Confidential,ATLANTIC CROOKED LAKE 4-27-63-22,,,New Field Wildcat,1/7/1961 00:00:00,08-Mar-1961,,0.0,838.5,3430.5,0.0
352,00/12-35-061-18W5/0,Non Confidential,TRILOGY FOXCK 12-35-61-18,,,New Pool Wildcat IEW,2/27/1976 00:00:00,29-Mar-1976,,1948.3,831.8,3102.9,
353,00/10-14-054-16W5/0,Non Confidential,GPD ET AL ROSEVEAR 10-14-54-16,,,New Pool Wildcat IEW,12/18/1977 00:00:00,01-Feb-1978,,0.0,841.9,3395.5,3395.26
354,00/06-13-060-18W5/0,Non Confidential,CNRL ET AL KAYBOBS 6-13-60-18,,,New Pool Wildcat,1/15/1977 00:00:00,28-Feb-1977,,,842.5,3196.4,
355,00/12-33-055-13W5/0,Non Confidential,MOBIL MCLEOD 12-33-55-13,,,New Field Wildcat,12/15/1962 00:00:00,14-Feb-1963,,1476.5,846.1,3065.1,
356,00/02-33-065-07W5/0,Non Confidential,DECALTA POR E SARAH 2-33-65-7,,,Outpost,1/13/1965 00:00:00,01-Feb-1965,,0.0,852.2,2272.3,0.0
357,00/07-22-063-24W5/0,Non Confidential,RAX WASKAHIGAN 7-22-63-24,,,Deeper Pool Test IEW,10/31/1976 00:00:00,13-Dec-1976,,2328.7,858.6,3657.6,0.0
358,00/06-06-055-14W5/0,Non Confidential,SUN SHELL ROSE VEAR 6-6-55-14,,,Development,6/13/1971 00:00:00,13-Jul-1971,,0.0,858.3,3257.4,0.0
359,00/14-29-048-06W5/0,Non Confidential,IMP CDN-SUP PEMBINA 14-29BR-48-6,,,New Field Wildcat,10/25/1953 00:00:00,27-May-1954,,1431.0,856.5,3146.1,0.0
360,00/06-34-054-15W5/0,Non Confidential,BEC ROSEVEAR 6-34-54-15,,,New Field Wildcat,2/15/1971 00:00:00,01-Apr-1971,,3215.6,859.2,3298.5,0.0
361,00/10-28-054-14W5/0,Non Confidential,CVE CARROT 10-28-54-14,,,New Field Wildcat,6/15/1970 00:00:00,15-Jul-1970,,0.0,857.4,3226.3,0.0
362,00/08-15-048-04W5/0,Non Confidential,1598385 Alberta PEMBINA 8-15-48-4,,,Deeper Pool Test,3/13/1956 00:00:00,07-May-1956,,1592.3,857.4,2560.0,0.0
363,00/10-01-066-19W5/0,Non Confidential,CVE KAYBOB 10-1-66-19,,,New Field Wildcat,1/19/1961 00:00:00,26-Feb-1961,,0.0,858.0,3022.1,0.0
364,00/12-01-064-24W5/0,Non Confidential,CNRL WAHIGAN 12-1-64-24,,,New Field Wildcat,8/28/1961 00:00:00,22-Oct-1961,,1597.5,860.8,3595.7,
365,00/10-14-068-19W5/0,Non Confidential,HOMESTEAD ET AL S SNIPE 10-14-68-19,,,New Field Wildcat,1/24/1963 00:00:00,04-Mar-1963,,0.0,859.8,3146.8,0.0
366,00/04-18-065-23W5/0,Non Confidential,RAX ANTE CREEK 4-18-65-23,,,Development,2/7/1963 00:00:00,22-Mar-1963,,0.0,861.4,3474.7,0.0
367,00/11-05-055-15W5/0,Non Confidential,ISH ET AL ROSEVEAR 11-5-55-15,,,New Pool Wildcat,8/12/1975 00:00:00,03-Oct-1975,,0.0,871.1,3315.6,0.0
368,00/07-11-064-25W5/0,Non Confidential,TPPL DEEP VALLEY 7-11-64-25,,,New Pool Wildcat IEW,1/18/1975 00:00:00,16-Mar-1975,,0.0,863.5,3700.3,0.0
369,00/07-07-061-16W5/0,Non Confidential,SW RESOURCES ULC  CHICKDEE 7-7-61-16,,,New Pool Wildcat IEW,12/22/1977 00:00:00,22-Jan-1978,,1917.2,869.9,3087.6,0.0
370,00/02-02-063-22W5/0,Non Confidential,SUN TONY 2-2-63-22,,,New Field Wildcat,2/7/1963 00:00:00,01-Apr-1963,,0.0,870.5,3486.9,0.0
371,00/04-07-065-23W5/0,Non Confidential,RAX ANTE CREEK 4-7-65-23,,,New Field Wildcat,8/13/1962 00:00:00,11-Oct-1962,,0.0,869.9,3517.4,0.0
372,00/07-14-062-20W5/0,Non Confidential,WESTFIRE KAYBOBS 7-14-62-20,,,Deeper Pool Test,2/6/1965 00:00:00,03-Apr-1965,,,868.7,3316.2,
373,00/12-25-062-18W5/0,Non Confidential,CHEVRON GULF E KAYBOB 12-25-62-18,,,New Pool Wildcat,7/21/1973 00:00:00,17-Aug-1973,,0.0,872.3,3119.6,0.0
374,00/11-34-053-14W5/0,Non Confidential,SHELL ET AL PEERS 11-34-53-14,,,New Pool Wildcat IEW,7/30/1977 00:00:00,29-Aug-1977,,0.0,876.3,3337.6,3337.27
375,00/11-26-062-14W5/0,Non Confidential,AMOCO HB SAKWA 11-26-62-14,,,Deeper Pool Test IEW,12/14/1976 00:00:00,15-Jan-1977,,0.0,874.2,2804.2,0.0
376,00/08-33-055-12W5/0,Non Confidential,HOME HB CHIP LAKE 8-33-55-12,,,New Field Wildcat,11/30/1961 00:00:00,04-Feb-1962,,0.0,872.6,3065.1,0.0
377,00/10-29-064-23W5/0,Non Confidential,CNRL ANTE 10-29-64-23,,,Outpost,6/10/1964 00:00:00,16-Jul-1964,,1670.9,869.0,3507.9,
378,00/04-16-062-19W5/0,Non Confidential,CALSTAN B.A. KAYBOB 4-16-62-19,,,New Field Wildcat,2/19/1959 00:00:00,19-Apr-1959,,0.0,874.2,3262.9,0.0
379,00/16-29-061-16W5/0,Non Confidential,AMOCO HB WINDFALL 16-29-61-16,,,New Pool Wildcat IEW,11/23/1976 00:00:00,21-Dec-1976,,0.0,876.3,3037.6,0.0
380,00/11-01-057-14W5/0,Non Confidential,MOBIL MCLEOD RIVER 11-1-57-14,,,New Pool Wildcat,3/31/1978 00:00:00,02-May-1978,,0.0,872.0,3109.0,0.0
381,00/12-29-068-18W5/0,Non Confidential,HOMESTEAD SHELL SNIPE 12-29-68-18,,,New Field Wildcat,3/14/1970 00:00:00,09-Apr-1970,,0.0,878.7,2997.7,0.0
382,00/06-06-062-19W5/0,Non Confidential,AMOCO KAYBOBS IN 6-6-62-19,,,Development,1/26/1967 00:00:00,15-Mar-1967,,0.0,870.5,3247.6,0.0
383,00/07-36-061-18W5/0,Non Confidential,CHEVRON GULF PASS CREEK 7-36-61-18,,,New Pool Wildcat IEW,11/29/1975 00:00:00,11-Jan-1976,,0.0,880.6,3173.0,0.0
384,00/06-23-036-19W4/0,Non Confidential,SUN CDR GOPHER HEAD 6-23-36-19,,,New Field Wildcat,8/26/1971 00:00:00,11-Sep-1971,,0.0,879.0,2162.6,0.0
385,00/06-05-063-22W5/0,Non Confidential,SUN PAN AM TONY 6-5-63-22,,,New Field Wildcat,1/3/1962 00:00:00,09-Mar-1962,,3021.2,880.9,3543.3,0.0
386,00/02-18-062-18W5/0,Non Confidential,TRILOGY FOXCK 2-18-62-18,,,New Field Wildcat,12/24/1958 00:00:00,31-Mar-1959,,2004.4,880.3,3430.8,
387,00/03-13-056-15W5/0,Non Confidential,CHEVRON GULF SHININGBANK 3-13-56-15,,,New Fld Wildcat IEW,9/19/1976 00:00:00,25-Oct-1976,,0.0,881.2,3229.4,0.0
388,00/10-19-053-14W5/0,Non Confidential,MOBIL ET AL ROSEVEAR 10-19-53-14,,,Development,12/29/1977 00:00:00,03-Mar-1978,,0.0,883.6,3356.8,0.0
389,02/10-21-062-18W5/0,Non Confidential,CHEVRON GULF ET AL FOXCK 10-21-62-18,,,New Pool Wildcat IEW,3/24/1976 00:00:00,28-Apr-1976,,0.0,878.7,3174.5,0.0
390,00/10-17-064-24W5/0,Non Confidential,CHEVRON AMOCO WASKAHIGAN 10-17-64-24,,,New Pool Wildcat IEW,7/31/1977 00:00:00,15-Sep-1977,,0.0,881.8,3654.2,0.0
391,00/16-09-062-12W5/0,Non Confidential,MOBIL PINE RIDGE 16-9-62-12,,,Development,2/20/1960 00:00:00,06-Apr-1960,,0.0,887.0,2722.5,0.0
392,00/06-04-041-01W5/0,Non Confidential,TGT CALSTAN A1 BENTN 6-4-41-1,,,New Field Wildcat,11/23/1960 00:00:00,20-Jan-1961,,0.0,888.8,2913.9,0.0
393,00/10-04-054-15W5/0,Non Confidential,MOBIL ET AL ROSEVEAR 10-4-54-15,,,Development,6/8/1971 00:00:00,08-Jul-1971,,0.0,889.1,3444.2,0.0
394,00/07-02-062-17W5/0,Non Confidential,FINA AMOCO HB PASSCK 7-2-62-17,0Y73,4,New Pool Wildcat IEW,2/14/1978 00:00:00,14-Mar-1978,,0.0,893.7,3095.2,0.0
395,00/10-27-062-21W5/0,Non Confidential,PHILLIPS A TONY 10-27-62-21,,,Development,12/6/1957 00:00:00,28-Feb-1958,,0.0,891.5,3474.7,0.0
396,00/16-27-063-09W5/0,Non Confidential,TOTAL PCP KINAKIN 16-27-63-9,,,New Pool Wildcat IEW,2/6/1974 00:00:00,08-Mar-1974,,0.0,894.6,2490.2,0.0
397,00/10-02-066-24W5/0,Non Confidential,PAN AM A-1 ANTE CREEK 10-2-66-24,,,New Field Wildcat,7/9/1962 00:00:00,02-Sep-1962,,0.0,896.7,3509.8,0.0
398,00/09-34-053-15W5/0,Non Confidential,HOMESTEAD ET AL ROSEVEAR 9-34-53-15,,,New Pool Wildcat IEW,4/1/1975 00:00:00,06-May-1975,,1946.1,899.2,3377.5,0.0
399,00/10-19-061-16W5/0,Non Confidential,WESTCOAST FINA HSOUND 10-19-61-16,,,New Field Wildcat,5/31/1972 00:00:00,26-Jun-1972,,0.0,898.6,3109.0,0.0
400,00/07-14-062-18W5/0,Non Confidential,TRILOGY ET AL FOX CREEK 7-14-62-18,,,Development,10/26/1976 00:00:00,08-Dec-1976,,,900.1,3107.7,
401,00/06-33-062-17W5/0,Non Confidential,FINA AMOCO HB PASSCK 6-33-62-17,,,New Fld Wildcat IEW,1/10/1977 00:00:00,13-Feb-1977,,0.0,901.9,3096.8,0.0
402,00/02-19-061-19W5/0,Non Confidential,ACL KAYBOBS 2-19-61-19,,,New Field Wildcat,1/14/1958 00:00:00,13-Mar-1958,,0.0,897.3,3380.8,0.0
403,00/06-33-061-17W5/0,Non Confidential,AUINTANA ET AL H SORIND 6-33-61-17,,,New Pool Wildcat,8/15/1973 00:00:00,09-Sep-1973,,0.0,907.1,3160.8,0.0
404,00/06-26-059-18W5/0,Non Confidential,TRILOGY BHLU 3 KAYBOBS 6-26-59-18,,,Development,6/3/1969 00:00:00,16-Jul-1969,,,908.0,3308.6,
405,00/02-06-062-16W5/0,Non Confidential,FINA PAN AM HB HEAVY SOUND 2-6-62-16,,,New Field Wildcat,12/29/1958 00:00:00,02-Mar-1959,,0.0,912.0,3104.4,0.0
406,00/11-33-060-20W5/0,Non Confidential,ACL KAYBOBS 11-33-60-20,,,New Fld Wildcat IEW,2/18/1977 00:00:00,07-Apr-1977,,2407.9,908.0,3483.6,0.0
407,00/06-01-063-15W5/0,Non Confidential,PIONEER CANADA SAKWATAMAU 6-1-63-15,,,New Field Wildcat,11/14/1970 00:00:00,07-Dec-1970,,0.0,913.8,2913.9,0.0
408,00/11-05-053-15W5/0,Non Confidential,MURPHY ASHLAND WOLF CREEK 11-5-53-15,,,New Fld Wildcat IEW,10/8/1976 00:00:00,08-Dec-1976,,0.0,907.1,3523.5,0.0
409,02/10-11-062-18W5/0,Non Confidential,CDN-SUP CEGO FOXCK 10-11SH-62-18,,,Deeper Pool Test,2/24/1977 00:00:00,29-Mar-1977,,0.0,907.1,3192.8,0.0
410,00/10-08-059-19W5/0,Non Confidential,AMOCO HB FINA SOUTH FORK 10-8-59-19,,,New Pool Wildcat IEW,8/28/1977 00:00:00,10-Oct-1977,,0.0,911.0,3528.7,0.0
411,00/04-22-069-18W5/0,Non Confidential,B.A. SNIPE LAKE 4-22-69-18,,,New Field Wildcat,10/5/1961 00:00:00,19-Nov-1961,,0.0,913.2,2891.3,0.0
412,00/07-16-062-17W5/0,Non Confidential,MARATHON HEAVYSOUND 7-16-62-17,,,New Pool Wildcat IEW,1/28/1976 00:00:00,25-Feb-1976,,0.0,909.5,3121.2,0.0
413,00/13-23-063-25W5/0,Non Confidential,HB TPPL SHELL SIMONETTE 13-23-63-25,,,New Pool Wildcat,1/23/1973 00:00:00,07-Mar-1973,,0.0,913.4,3788.7,0.0
414,00/11-09-062-16W5/0,Non Confidential,ESSO B-1 TWO CREEK 11-9-62-16,,,New Fld Wildcat IEW,9/16/1976 00:00:00,06-Nov-1976,,0.0,918.7,3053.5,0.0
415,00/10-06-069-17W5/0,Non Confidential,ARCO SNIPE 10-6-69-17,,,New Pool Wildcat,12/12/1970 00:00:00,30-Dec-1970,,0.0,922.6,2865.1,0.0
416,00/10-25-046-02W5/0,Non Confidential,CS CPOG KNOB HILL 10-25-46-2,,,New Field Wildcat,6/21/1966 00:00:00,30-Jul-1966,,1049.1,919.3,2690.2,0.0
417,00/06-29-054-16W5/0,Non Confidential,MOBIL PINEDALE 6-29-54-16,,,New Field Wildcat,8/30/1968 00:00:00,02-Oct-1968,,0.0,920.5,3537.5,0.0
418,00/07-21-062-23W5/0,Non Confidential,CDR GULF TONY 7-21-62-23,,,New Field Wildcat,1/12/1970 00:00:00,26-Feb-1970,,0.0,910.4,3672.8,0.0
419,00/10-20-062-16W5/0,Non Confidential,ESSO A2 TWO CREEK 10-20-62-16,,,New Fld Wildcat IEW,12/27/1975 00:00:00,30-Jan-1976,,0.0,927.2,3063.2,0.0
420,00/14-20-041-27W4/0,Non Confidential,CHEVRON MORNINGSIDE 14-20-41-27,,,New Field Wildcat,11/9/1954 00:00:00,08-Mar-1955,,0.0,924.5,2822.4,0.0
421,00/10-17-062-16W5/0,Non Confidential,TRILOGY A3 TWOCK 10-17-62-16,,,New Fld Wildcat IEW,7/13/1976 00:00:00,19-Aug-1976,,,926.3,3067.8,
422,00/03-25-061-17W5/0,Non Confidential,OUTLIER RES CHICKDEE 3-25-61-17,,,New Fld Wildcat IEW,10/20/1977 00:00:00,27-Nov-1977,,1981.2,925.1,3178.5,0.0
423,00/07-07-063-14W5/0,Non Confidential,PURE SAKWATAMAU 7-7-63-14,,,New Field Wildcat,11/7/1963 00:00:00,26-Dec-1963,,0.0,927.8,2920.0,0.0
424,00/07-28-052-17W5/0,Non Confidential,CHEVRON EDSON 7-28-52-17,,,Deeper Pool Test,8/30/1968 00:00:00,18-Oct-1968,,0.0,936.7,3767.3,0.0
425,00/10-26-062-17W5/0,Non Confidential,FINA ET AL HEAVYSOUND 10-26-62-17,,,New Field Wildcat,1/15/1964 00:00:00,29-Feb-1964,,0.0,932.4,3100.7,0.0
426,00/06-32-052-14W5/0,Non Confidential,DEKALB ET AL PEERS 6-32-52-14,,,New Field Wildcat,7/6/1968 00:00:00,20-Aug-1968,,0.0,932.1,3584.4,0.0
427,00/02-21-063-17W5/0,Non Confidential,CVE KAYBOB 2-21-63-17,,,New Field Wildcat,2/6/1960 00:00:00,30-Mar-1960,,0.0,935.4,3105.3,0.0
428,00/10-24-061-14W5/0,Non Confidential,TEXACO SAKWATAMAU 10-24-61-14,,,New Field Wildcat,4/28/1968 00:00:00,22-May-1968,,0.0,937.3,2921.5,0.0
429,00/16-13-064-17W5/0,Non Confidential,HB QUINTANA GULF EAGLET 16-13-64-17,,,New Field Wildcat,2/28/1972 00:00:00,22-Mar-1972,,0.0,941.2,3030.3,0.0
430,00/01-29-069-18W5/0,Non Confidential,QUASAR SIEBENS SUNSET 1-29-69-18,,,New Pool Wildcat IEW,12/6/1974 00:00:00,27-Dec-1974,,0.0,939.1,2935.5,0.0
431,00/02-15-063-15W5/0,Non Confidential,GUYER ET AL SAKWATAMAU 2-15-63-15,,,New Pool Wildcat,10/18/1969 00:00:00,13-Nov-1969,,0.0,940.3,2957.8,0.0
432,00/10-22-061-14W5/0,Non Confidential,CVE WIND 10-22-61-14,,,New Field Wildcat,11/28/1968 00:00:00,06-Jan-1969,,0.0,944.3,3229.7,0.0
433,00/04-02-070-11W5/0,Non Confidential,CCOL ET AL SWANH 4-2-70-11,,,Development,1/3/1969 00:00:00,23-Jan-1969,,0.0,945.8,2412.5,0.0
434,00/11-31-058-13W5/0,Non Confidential,CVE GOODWIN 11-31-58-13,,,New Pool Wildcat,2/12/1973 00:00:00,17-Mar-1973,,0.0,940.6,3028.5,0.0
435,00/06-35-060-18W5/0,Non Confidential,CEIBA KAYBOBS 6-35-60-18,,,Deeper Pool Test IEW,7/16/1976 00:00:00,29-Aug-1976,,2830.1,944.6,3304.9,0.0
436,00/10-06-061-17W5/0,Non Confidential,AMOCO HB PASSCK 10-6-61-17,,,New Pool Wildcat,10/6/1976 00:00:00,16-Nov-1976,,0.0,943.1,3255.3,0.0
437,00/10-02-059-18W5/0,Non Confidential,TRILOGY KAYBOBS 10-2-59-18,,,Outpost,6/13/1968 00:00:00,13-Aug-1968,,3272.9,956.8,3385.7,
438,00/16-16-037-25W4/0,Non Confidential,CENTRAL-DEL RIO HILDON 16-16-37-25,,,New Field Wildcat,12/28/1959 00:00:00,29-Feb-1960,,0.0,950.4,2616.4,0.0
439,00/10-15-063-15W5/0,Non Confidential,KEWANEE ET AL SAKWATAMAU 10-15-63-15,,,New Field Wildcat,1/10/1965 00:00:00,11-Mar-1965,,0.0,945.8,3309.5,0.0
440,00/09-22-063-15W5/0,Non Confidential,FRONT ET AL SAKWATAMAU 9-22-63-15,,,New Field Wildcat,11/21/1965 00:00:00,22-Dec-1965,,1866.9,952.2,2958.1,2957.75
441,00/04-17-062-14W5/0,Non Confidential,IOE SAKWATAMAU 4-17-62-14,,,New Field Wildcat,11/16/1969 00:00:00,08-Dec-1969,,0.0,956.8,2965.7,0.0
442,00/11-03-060-20W5/0,Non Confidential,MOBIL ICG MARSHHEAD 11-3-60-20,,,New Fld Wildcat IEW,11/26/1975 00:00:00,05-Jan-1976,,0.0,958.3,3573.8,0.0
443,00/06-08-052-17W5/0,Non Confidential,TALISMAN EDSON 6-8-52-17,,,Deeper Pool Test IEW,2/23/1978 00:00:00,30-May-1978,,2893.5,964.1,3892.0,0.0
444,00/13-25-032-26W4/0,Non Confidential,TEXACO C&E WIMBORNE 13-25-32-26,,,New Pool Wildcat,8/30/1957 00:00:00,20-Oct-1957,,0.0,970.2,2769.1,0.0
445,00/10-25-063-10W5/0,Non Confidential,APACHE CEGO KINAKIN 10-25-63-10,,,Outpost,6/4/1964 00:00:00,29-Jun-1964,,0.0,968.7,2615.8,0.0
446,00/10-12-054-18W5/0,Non Confidential,TEXACO MARIBORO 10-12-54-18,,,New Pool Wildcat,9/3/1969 00:00:00,15-Nov-1969,,2209.8,969.0,3736.5,0.0
447,00/04-19-039-05W5/0,Non Confidential,HARVEST WILLGR 4-19-39-5,,,New Field Wildcat,9/15/1957 00:00:00,01-Feb-1958,,2385.1,969.6,3586.0,0.0
448,00/07-15-055-18W5/0,Non Confidential,SOC PINE CK 7-15-55-18,,,New Pool Wildcat,6/18/1968 00:00:00,13-Sep-1968,,2633.2,969.9,3691.1,
449,00/12-28-063-16W5/0,Non Confidential,FRONT HUBER B.A. EAGLET 12-28-63-16,,,New Field Wildcat,1/10/1966 00:00:00,15-Feb-1966,,0.0,974.8,3058.7,0.0
450,00/10-14-062-16W5/0,Non Confidential,FINA ET AL HEAVYSOUND 10-14-62-16,,,New Field Wildcat,2/18/1960 00:00:00,06-Apr-1960,,0.0,970.5,3078.5,0.0
451,00/04-12-064-10W5/0,Non Confidential,PETROMK IOE KINAKIN 4-12-64-10,,,New Pool Wildcat,12/13/1975 00:00:00,01-Jan-1976,,0.0,972.0,2592.9,0.0
452,00/11-36-064-12W5/0,Non Confidential,CO-ENERCO IMP JUDY 11-36-64-12,,,New Pool Wildcat IEW,7/26/1974 00:00:00,11-Aug-1974,,0.0,971.4,2692.9,0.0
453,00/06-16-055-18W5/0,Non Confidential,BEC PINE CK 6-16-55-18,,,New Field Wildcat,1/9/1959 00:00:00,19-Apr-1959,,0.0,976.6,3727.7,0.0
454,00/10-22-066-15W5/0,Non Confidential,B.A. EAST GOOSE RIVER 10-22-66-15,,,New Field Wildcat,2/6/1960 00:00:00,15-Mar-1960,,0.0,982.1,2856.0,0.0
455,00/06-36-062-13W5/0,Non Confidential,CVE SAKWA 6-36-62-13,,,New Field Wildcat,1/9/1958 00:00:00,21-Feb-1958,,0.0,986.9,2849.9,0.0
456,00/10-04-063-15W5/0,Non Confidential,CDN-SUP SAKWATAMAU 10-4-63-15,,,New Field Wildcat,12/16/1962 00:00:00,19-Feb-1963,,0.0,990.0,3035.5,0.0
457,00/07-04-049-12W5/0,Non Confidential,CHEVRON NORCENPL BRAZEAU 7-4-49-12,0Y52,3,New Pool Wildcat IEW,3/28/1978 00:00:00,04-Jun-1978,,0.0,985.7,3749.0,0.0
458,00/14-03-065-15W5/0,Non Confidential,MESA ET AL SAKWA 14-3-65-15,,,New Field Wildcat,2/13/1972 00:00:00,04-Mar-1972,,1649.0,994.3,2926.1,0.0
459,00/15-04-065-12W5/0,Non Confidential,1976082 VIRG 15-4-65-12,,,Development,10/23/1976 00:00:00,08-Nov-1976,,,997.9,2758.4,
460,00/02-35-062-13W5/0,Non Confidential,WESTCOAST HOPE 2-35-62-13,,,New Fld Wildcat IEW,8/29/1972 00:00:00,02-Oct-1972,,0.0,1006.1,2907.8,0.0
461,00/10-19-060-18W5/0,Non Confidential,CHEVRON KAYBOBS 10-19-60-18,,,Development,10/29/1969 00:00:00,17-Dec-1969,,0.0,1001.9,3421.7,3421.53
462,00/16-21-049-13W5/0,Non Confidential,CHEVRON CYNTHIA 16-21-49-13,,,New Field Wildcat,10/21/1956 00:00:00,27-Dec-1957,,0.0,1004.9,3807.6,0.0
463,00/07-26-059-20W5/0,Non Confidential,AMOCO ET AL FIR 7-26-59-20,,,New Pool Wildcat IEW,11/7/1977 00:00:00,05-Jan-1978,,0.0,1009.2,3630.2,0.0
464,00/10-21-062-15W5/0,Non Confidential,FINA AMOCO HB SAKWATAMAU 10-21-62-15,,,New Fld Wildcat IEW,7/14/1976 00:00:00,21-Aug-1976,,0.0,1015.6,3436.3,0.0
465,00/10-09-058-16W5/0,Non Confidential,FINA AMOCO HB GROAT 10-9-58-16,,,New Pool Wildcat IEW,2/25/1977 00:00:00,14-Apr-1977,,0.0,1014.1,3352.8,0.0
466,00/06-20-050-15W5/0,Non Confidential,CVE WHHORSE 6-20-50-15,,,New Pool Wildcat IEW,3/17/1978 00:00:00,06-Aug-1978,,2722.2,1013.1,3846.6,3845.24
467,00/10-30-065-09W5/0,Non Confidential,HOME FPC ET AL MORSER 10-30-65-9,,,New Field Wildcat,1/13/1961 00:00:00,16-Feb-1961,,0.0,1023.2,2548.4,0.0
468,00/04-02-066-09W5/0,Non Confidential,HOME FPC ET AL MORSE RIVER 4-2-66-9,,,New Field Wildcat,11/29/1958 00:00:00,16-Jan-1959,,0.0,1023.5,2706.6,0.0
469,00/04-31-065-09W5/0,Non Confidential,ASPENLEAF SWANHS 4-31-65-9,,,New Field Wildcat,12/16/1959 00:00:00,21-Jan-1960,,,1023.8,2548.4,
470,00/14-32-064-12W5/0,Non Confidential,1976082 JUDYCK 14-32-64-12,,,Development,10/22/1977 00:00:00,13-Nov-1977,,,1025.0,2782.2,
471,00/11-27-063-16W5/0,Non Confidential,SYSTEX DOME ET AL EAGLET 11-27-63-16,,,New Fld Wildcat IEW,12/3/1973 00:00:00,31-Dec-1973,,0.0,1030.2,3093.7,0.0
472,00/11-01-059-18W5/0,Non Confidential,TRILOGY KAYBOBS 11-1-59-18,,,Development,9/18/1968 00:00:00,30-Oct-1968,,,1040.6,3458.6,
473,00/07-14-063-17W5/0,Non Confidential,HB ET AL EAGLE TOWER 7-14-63-17,,,New Fld Wildcat IEW,3/6/1973 00:00:00,30-Mar-1973,,0.0,1038.5,3191.3,0.0
474,00/10-15-059-18W5/0,Non Confidential,TRILOGY KAYBOBS 10-15-59-18,,,Development,9/20/1968 00:00:00,26-Oct-1968,,,1047.3,3472.6,
475,00/10-18-063-16W5/0,Non Confidential,DOME ET AL EAGLET 10-18-63-16,,,New Field Wildcat,3/1/1968 00:00:00,02-Apr-1968,,0.0,1045.5,3152.5,0.0
476,00/06-32-061-23W5/0,Non Confidential,AMOCO A-1 DEEP VALLEY 6-32-61-23,,,New Field Wildcat,7/9/1970 00:00:00,06-Sep-1970,,0.0,1055.8,3871.0,0.0
477,00/07-16-062-24W5/0,Non Confidential,AMOCO TONY 7-16-62-24,,,New Pool Wildcat IEW,8/29/1977 00:00:00,27-Nov-1977,,0.0,1041.8,4138.6,0.0
478,00/10-34-058-18W5/0,Non Confidential,TRILOGY KAYBOBS 10-34-58-18,,,Development,9/10/1968 00:00:00,25-Oct-1968,,2992.0,1044.1,3480.2,
479,00/10-15-066-09W5/0,Non Confidential,HOME FPC ET AL MORSE R 10-15-66-9,,,Development,2/12/1959 00:00:00,23-Mar-1959,,0.0,1043.9,2539.3,0.0
480,00/02-06-065-12W5/0,Non Confidential,1976082 VIRG 2-6-65-12,,,Development,2/26/1976 00:00:00,14-Mar-1976,,0.0,1043.3,2812.1,
481,00/06-36-058-19W5/0,Non Confidential,MOBIL ET AL PINE CREEK 6-36-58-19,,,New Field Wildcat,2/1/1961 00:00:00,20-Apr-1961,,0.0,1046.4,3590.5,0.0
482,00/04-22-037-07W5/0,Non Confidential,MOBIL CHEDDERVILLE 4-22-37-7,,,New Field Wildcat,3/14/1964 00:00:00,02-Jun-1964,,0.0,1045.2,4012.1,4011.65
483,00/11-15-063-13W5/0,Non Confidential,OEI VIRGHILLS 11-15-63-13,,,New Pool Wildcat IEW,5/23/1978 00:00:00,17-Jun-1978,,0.0,1051.6,2950.5,0.0
484,00/06-31-047-13W5/0,Non Confidential,WESTBRICK BRAZR 6-31-47-13,,,New Pool Wildcat IEW,12/30/1977 00:00:00,15-Mar-1978,,3477.5,1050.6,3918.8,
485,00/04-07-065-12W5/0,Non Confidential,1976082 VIRG 4-7-65-12,,,Outpost,8/15/1974 00:00:00,14-Sep-1974,,0.0,1048.5,2814.8,
486,00/02-14-064-11W5/0,Non Confidential,ACCEL JUDYCK 2-14-64-11,,,Development,2/8/1960 00:00:00,14-Mar-1960,,0.0,1051.6,2720.3,0.0
487,00/02-20-061-07W6/0,Non Confidential,SEAFORT ET AL KAKWA 2-20-61-7,,,New Fld Wildcat IEW,4/4/1975 00:00:00,06-Oct-1975,,4370.8,1061.9,5370.0,0.0
488,00/10-25-064-15W5/0,Non Confidential,TENN SUN A1 SAKWATAMAU 10-25-64-15,,,New Field Wildcat,1/5/1963 00:00:00,20-Feb-1963,,0.0,1064.4,2987.0,0.0
489,00/10-19-058-18W5/0,Non Confidential,MEC KAYBOBS 10-19-58-18,,,Development,3/10/1969 00:00:00,16-Apr-1969,,,1062.5,3576.8,
490,00/06-09-059-18W5/0,Non Confidential,TRILOGY BLGU 3 KAYBOBS 6-9-59-18,,,Development,6/9/1968 00:00:00,18-Jul-1968,,,1074.7,3511.9,
491,00/02-32-064-14W5/0,Non Confidential,B.A. ET AL SAKWATAMAU 2-32-64-14,,,New Field Wildcat,3/2/1966 00:00:00,03-Apr-1966,,0.0,1076.2,2977.0,0.0
492,00/11-22-043-13W5/0,Non Confidential,CS BRAZR 11-22-43-13,,,New Field Wildcat,7/17/1970 00:00:00,09-Oct-1970,,3268.1,1119.2,4363.5,0.0
493,00/06-07-060-22W5/0,Non Confidential,SOC BIGSTONE 6-7-60-22,,,New Pool Wildcat IEW,9/26/1976 00:00:00,09-Dec-1976,,2270.8,1107.0,3959.4,3959.27
494,00/10-12-064-13W5/0,Non Confidential,CANOXY ET AL VIRGHILLS 10-12-64-13,,,New Pool Wildcat,3/11/1975 00:00:00,31-Mar-1975,,0.0,1136.6,2933.1,0.0
495,00/06-28-047-14W5/0,Non Confidential,BOULDER BRAZR 6-28-47-14,,,New Field Wildcat,12/16/1960 00:00:00,01-May-1961,,,1131.4,4124.9,
496,00/15-10-049-19W5/0,Non Confidential,FINA GULF ERITH 15-10-49-19,,,New Field Wildcat,1/11/1972 00:00:00,09-Jun-1972,,0.0,1135.1,4563.5,0.0
497,00/04-16-033-05W5/0,Non Confidential,HESS CR SUNDRE 4-16-33-5,,,New Pool Wildcat,6/3/1963 00:00:00,11-Sep-1963,,,1147.0,3972.5,3972.13
498,00/08-09-039-09W5/0,Non Confidential,SUPTST ALMINEX MED FERRIERW 8-9-39-9,,,New Field Wildcat,6/15/1960 00:00:00,30-Sep-1960,,0.0,1154.3,4114.8,0.0
499,00/07-21-039-10W5/0,Non Confidential,BACCALIEU PHOENIX 7-21-39-10,,,New Field Wildcat,1/29/1970 00:00:00,04-Aug-1970,,3395.2,1189.6,4361.7,
500,00/11-05-057-18W5/0,Non Confidential,AMOCO PINE CREEK 11-5-57-18,,,New Pool Wildcat IEW,5/13/1977 00:00:00,12-Aug-1977,,0.0,1194.5,4213.9,0.0
501,00/07-25-040-12W5/0,Non Confidential,UNO-TEX NUMAC ANCONA 7-25-40-12,,,New Field Wildcat,9/13/1970 00:00:00,30-Dec-1970,,3474.7,1203.7,4575.0,0.0
502,00/10-13-043-15W5/0,Non Confidential,AMOCO CHEVRON A-1 WAWA 10-13-43-15,,,New Field Wildcat,8/6/1969 00:00:00,06-Jan-1970,,3622.5,1229.0,4690.9,0.0
503,02/06-15-047-16W5/0,Non Confidential,MOBIL SCURRY PEM RIVER A6-15-47-16,,,New Field Wildcat,1/28/1962 00:00:00,25-Jul-1962,,3352.8,1272.8,4536.9,0.0
504,00/01-24-045-16W5/0,Non Confidential,AQUIT ET AL OWL RIVER 1-24-45-16,,,New Fld Wildcat IEW,11/1/1975 00:00:00,28-Dec-1975,,2795.9,1282.0,3093.7,0.0
505,00/01-36-037-12W5/0,Non Confidential,MOBIL RAM RIVER 15-25-37-12,,,New Field Wildcat,1/28/1964 00:00:00,28-Mar-1964,,0.0,1307.0,1352.4,1343.86
506,00/10-11-057-18W5/0,Non Confidential,FINA AMOCO HB MAYBERNE 10-11-57-18,,,New Fld Wildcat IEW,2/14/1977 00:00:00,03-Apr-1977,,0.0,1320.4,3861.8,0.0
507,00/11-20-042-13W5/0,Non Confidential,BAYTEX BREWSTER 11-20-42-13,,,New Field Wildcat,1/29/1970 00:00:00,03-Jun-1970,,3627.1,1328.6,4717.1,4716.08
508,00/14-21-037-11W5/0,Non Confidential,BANFF AQUIT SIEBENS RAMR 14-21-37-11,,,New Field Wildcat,1/19/1970 00:00:00,24-Oct-1970,,,1503.6,5175.5,5165.6
509,00/04-21-038-12W5/0,Non Confidential,BP MOBIL CREE ROUGH 4-21-38-12,,,New Fld Wildcat IEW,4/7/1973 00:00:00,24-Oct-1973,,,1643.8,5430.0,5427.4
